{"LUQUILLO": [], "COROZAL": [{"zone": "PALMAREJO", "area": "COROZAL"}], "CIALES": [], "LAS MARIAS": [], "PATILLAS": [{"zone": "PLAZA DEL MERCADO PUESTO #4", "area": "PATILLAS"}], "DORADO": [], "GUAYAMA": [], "HATILLO": [], "GUAYANILLA": [], "BARCELONETA": [], "AGUAS BUENAS": [{"zone": "SUMIDERO", "area": "AGUAS BUENAS"}], "HUMACAO": [], "VIEQUES": [], "FLORIDA": [], "LOIZA": [], "RIO GRANDE": [], "COMERIO": [], "VEGA ALTA": [], "AIBONITO": [{"zone": "ROBLES", "area": "AIBONITO"}], "RINCON": [], "ANASCO": [], "CIDRA": [], "MOCA": [], "YABUCOA": [], "JUANA DIAZ": [], "LARES": [], "OROCOVIS": [], "ARECIBO": [], "TOA ALTA": [], "LAJAS": [], "PE\u00d1UELAS": [], "ISABELLA": [], "SABANA GRANDE": [], "SANTA ISABEL": [], "SALINAS": [], "SAN SEBASTIAN": [], "HORMIGUEROS": [], "AGUADILLA": [{"zone": "CORRALES", "area": "AGUADILLA"}], "CULEBRA": [], "QUEBRADILLAS": [], "GUAYNABO": [{"zone": "URB VILLA CLEMENTINA", "area": "GUAYNABO"}], "JUNCOS": [{"zone": "CEIBA NORTE", "area": "JUNCOS"}], "CABO ROJO": [], "CATANO": [], "CAROLINA": [{"zone": "CANOVANILLAS", "area": "CAROLINA"}], "BARRANQUITAS": [], "ADJUNTAS": [], "SAN GERMAN": [], "TOA BAJA": [{"zone": "SABANA SECA", "area": "TOA BAJA"}], "BAYAMON": [{"zone": "BUENA VISTA", "area": "BAYAMON"}, {"zone": "HATO TEJAS", "area": "BAYAMON"}], "ARROYO": [], "CANOVANAS": [], "AGUADA": [], "VILLALBA": [], "GURABO": [{"zone": "Bo. Rincon", "area": "GURABO"}, {"zone": "MAMEY", "area": "GURABO"}], "MARICAO": [], "LAS PIEDRAS": [], "TRUJILLO ALTO": [{"zone": "CUEVAS", "area": "TRUJILLO ALTO"}], "CAMUY": [], "PONCE": [{"zone": "CANAS", "area": "PONCE"}], "JAYUYA": [], "CAYEY": [], "MANATI": [], "COAMO": [], "UTUADO": [{"zone": "UTUADO", "area": "UTUADO"}], "NAGUABO": [], "SAN JUAN": [{"zone": "CAIMITO", "area": "SAN JUAN"}, {"zone": "PARQUE DE SAN IGNACIO", "area": "SAN JUAN"}, {"zone": "URB VALENCIA", "area": "SAN JUAN"}], "GUANICA": [], "CAGUAS": [{"zone": "CA\u00d1ABONCITO", "area": "CAGUAS"}], "CEIBA": [], "MOROVIS": [], "NARANJITO": [], "VEGA BAJA": [], "SAN LORENZO": [{"zone": "BO QUEMADO / LOS ADORNOS", "area": "SAN LORENZO"}], "FAJARDO": [], "MAYAGUEZ": [], "MAUNABO": [], "YAUCO": []}