{"LUQUILLO": [], "COROZAL": [], "CIALES": [], "LAS MARIAS": [], "PATILLAS": [], "DORADO": [], "GUAYAMA": [], "HATILLO": [], "GUAYANILLA": [], "BARCELONETA": [{"zone": "FLORIDA AFUERA", "area": "BARCELONETA"}], "AGUAS BUENAS": [], "HUMACAO": [], "VIEQUES": [], "FLORIDA": [], "LOIZA": [], "RIO GRANDE": [], "COMERIO": [], "VEGA ALTA": [], "AIBONITO": [{"zone": "ROBLES", "area": "AIBONITO"}], "RINCON": [], "ANASCO": [], "CIDRA": [], "MOCA": [], "YABUCOA": [], "JUANA DIAZ": [], "LARES": [], "OROCOVIS": [{"zone": "CACAOS", "area": "OROCOVIS"}], "ARECIBO": [{"zone": "AREA INDUST-VICTOR ROJAS", "area": "ARECIBO"}, {"zone": "ARECIBO", "area": "ARECIBO"}], "TOA ALTA": [], "LAJAS": [{"zone": "Bo. Lajas Arriba", "area": "LAJAS"}], "PE\u00d1UELAS": [], "ISABELLA": [], "SABANA GRANDE": [], "SANTA ISABEL": [], "SALINAS": [], "SAN SEBASTIAN": [], "HORMIGUEROS": [], "AGUADILLA": [{"zone": "BORINQUEN", "area": "AGUADILLA"}], "CULEBRA": [], "QUEBRADILLAS": [], "GUAYNABO": [{"zone": "URB VILLA CLEMENTINA", "area": "GUAYNABO"}], "JUNCOS": [{"zone": "CEIBA NORTE", "area": "JUNCOS"}], "CABO ROJO": [{"zone": "Bo. Guanajibo", "area": "CABO ROJO"}], "CATANO": [], "CAROLINA": [{"zone": "CANOVANILLAS", "area": "CAROLINA"}], "BARRANQUITAS": [], "ADJUNTAS": [], "SAN GERMAN": [{"zone": "BO SABANA ENEAS", "area": "SAN GERMAN"}], "TOA BAJA": [{"zone": "SABANA SECA", "area": "TOA BAJA"}], "BAYAMON": [], "ARROYO": [], "CANOVANAS": [], "AGUADA": [], "VILLALBA": [], "GURABO": [{"zone": "Bo. Rincon", "area": "GURABO"}, {"zone": "MAMEY", "area": "GURABO"}], "MARICAO": [], "LAS PIEDRAS": [], "TRUJILLO ALTO": [{"zone": "CUEVAS", "area": "TRUJILLO ALTO"}], "CAMUY": [], "PONCE": [], "JAYUYA": [], "CAYEY": [], "MANATI": [], "COAMO": [], "UTUADO": [{"zone": "UTUADO", "area": "UTUADO"}], "NAGUABO": [], "SAN JUAN": [{"zone": "CAIMITO", "area": "SAN JUAN"}, {"zone": "PARQUE DE SAN IGNACIO", "area": "SAN JUAN"}, {"zone": "UNIVERSIDAD", "area": "SAN JUAN"}, {"zone": "URB. APOLO", "area": "SAN JUAN"}], "GUANICA": [], "CAGUAS": [{"zone": "CA\u00d1ABONCITO", "area": "CAGUAS"}], "CEIBA": [], "MOROVIS": [], "NARANJITO": [], "VEGA BAJA": [], "SAN LORENZO": [{"zone": "BO QUEMADO / LOS ADORNOS", "area": "SAN LORENZO"}], "FAJARDO": [], "MAYAGUEZ": [{"zone": "URB VILLA SULTANITA", "area": "MAYAGUEZ"}], "MAUNABO": [], "YAUCO": []}