{"LUQUILLO": [], "COROZAL": [{"zone": "PADILLA", "area": "COROZAL"}], "CIALES": [], "LAS MARIAS": [], "PATILLAS": [], "DORADO": [], "GUAYAMA": [], "HATILLO": [], "GUAYANILLA": [], "BARCELONETA": [], "AGUAS BUENAS": [], "HUMACAO": [], "VIEQUES": [], "FLORIDA": [], "LOIZA": [], "RIO GRANDE": [], "COMERIO": [], "VEGA ALTA": [], "AIBONITO": [], "RINCON": [], "ANASCO": [], "CIDRA": [], "MOCA": [{"zone": "AAA-EB TEOFILO VEGA", "area": "MOCA"}], "YABUCOA": [], "JUANA DIAZ": [], "LARES": [{"zone": "BUENOS AIRES", "area": "LARES"}], "OROCOVIS": [], "ARECIBO": [], "TOA ALTA": [], "LAJAS": [{"zone": "LAJAS", "area": "LAJAS"}], "PE\u00d1UELAS": [{"zone": "BARREAL", "area": "PE\u00d1UELAS"}], "ISABELLA": [], "SABANA GRANDE": [], "SANTA ISABEL": [], "SALINAS": [], "SAN SEBASTIAN": [], "HORMIGUEROS": [], "AGUADILLA": [], "CULEBRA": [], "QUEBRADILLAS": [], "GUAYNABO": [{"zone": "SANTA ROSA", "area": "GUAYNABO"}, {"zone": "URB. BELLOMONTE", "area": "GUAYNABO"}], "JUNCOS": [], "CABO ROJO": [{"zone": "LLANOS COSTA", "area": "CABO ROJO"}], "CATANO": [], "CAROLINA": [], "BARRANQUITAS": [], "ADJUNTAS": [{"zone": "BO. LIMANI", "area": "ADJUNTAS"}], "SAN GERMAN": [], "TOA BAJA": [], "BAYAMON": [{"zone": "GOB-METADONA", "area": "BAYAMON"}, {"zone": "PAJAROS", "area": "BAYAMON"}], "ARROYO": [], "CANOVANAS": [], "AGUADA": [{"zone": "PIEDRAS BLANCAS", "area": "AGUADA"}], "VILLALBA": [], "GURABO": [], "MARICAO": [], "LAS PIEDRAS": [], "TRUJILLO ALTO": [], "CAMUY": [], "PONCE": [{"zone": "CANAS", "area": "PONCE"}, {"zone": "URB SANTA MARIA", "area": "PONCE"}], "JAYUYA": [], "CAYEY": [], "MANATI": [], "COAMO": [], "UTUADO": [{"zone": "BO CONSEJO", "area": "UTUADO"}], "NAGUABO": [], "SAN JUAN": [{"zone": "CUPEY", "area": "SAN JUAN"}, {"zone": "GOBERNADOR PI\u00d1ERO", "area": "SAN JUAN"}, {"zone": "MONACILLO URBANO", "area": "SAN JUAN"}, {"zone": "SABANA LLANA SUR", "area": "SAN JUAN"}, {"zone": "SANTURCE", "area": "SAN JUAN"}], "GUANICA": [], "CAGUAS": [{"zone": "TOMAS DE CASTRO", "area": "CAGUAS"}], "CEIBA": [], "MOROVIS": [], "NARANJITO": [], "VEGA BAJA": [], "SAN LORENZO": [{"zone": "CERRO GORDO", "area": "SAN LORENZO"}, {"zone": "ESPINO", "area": "SAN LORENZO"}], "FAJARDO": [], "MAYAGUEZ": [], "MAUNABO": [], "YAUCO": []}