{"LUQUILLO": [], "COROZAL": [], "CIALES": [], "LAS MARIAS": [{"zone": "FURNIAS", "area": "LAS MARIAS"}], "PATILLAS": [], "DORADO": [], "GUAYAMA": [], "HATILLO": [{"zone": "SECTOR LA ESTACION", "area": "HATILLO"}], "GUAYANILLA": [], "BARCELONETA": [{"zone": "EXT VILLA BARCELONA II EE 20", "area": "BARCELONETA"}], "AGUAS BUENAS": [{"zone": "JUAN ASENCIO", "area": "AGUAS BUENAS"}, {"zone": "SONADORA", "area": "AGUAS BUENAS"}], "HUMACAO": [], "VIEQUES": [], "FLORIDA": [], "LOIZA": [], "RIO GRANDE": [], "COMERIO": [], "VEGA ALTA": [], "AIBONITO": [], "RINCON": [], "ANASCO": [{"zone": "URB LOS ARBOLES", "area": "ANASCO"}], "CIDRA": [], "MOCA": [{"zone": "CAPA", "area": "MOCA"}], "YABUCOA": [], "JUANA DIAZ": [], "LARES": [{"zone": "Bo. Buenos Aires", "area": "LARES"}], "OROCOVIS": [], "ARECIBO": [{"zone": "HATO ABAJO", "area": "ARECIBO"}], "TOA ALTA": [], "LAJAS": [], "PE\u00d1UELAS": [{"zone": "SANTO DOMINGO", "area": "PE\u00d1UELAS"}], "ISABELLA": [], "SABANA GRANDE": [{"zone": "Bo. Santana", "area": "SABANA GRANDE"}], "SANTA ISABEL": [], "SALINAS": [], "SAN SEBASTIAN": [{"zone": "GUATEMALA", "area": "SAN SEBASTIAN"}], "HORMIGUEROS": [], "AGUADILLA": [], "CULEBRA": [], "QUEBRADILLAS": [], "GUAYNABO": [], "JUNCOS": [], "CABO ROJO": [], "CATANO": [], "CAROLINA": [], "BARRANQUITAS": [], "ADJUNTAS": [], "SAN GERMAN": [], "TOA BAJA": [], "BAYAMON": [{"zone": "MINILLAS", "area": "BAYAMON"}, {"zone": "URB SANTA JUANITA", "area": "BAYAMON"}, {"zone": "VILLA ESPA{A BAYAMON", "area": "BAYAMON"}], "ARROYO": [], "CANOVANAS": [{"zone": "Parc. Santa Catalina", "area": "CANOVANAS"}], "AGUADA": [], "VILLALBA": [{"zone": "BO APEADERO", "area": "VILLALBA"}], "GURABO": [], "MARICAO": [], "LAS PIEDRAS": [], "TRUJILLO ALTO": [{"zone": "CUEVAS", "area": "TRUJILLO ALTO"}, {"zone": "QUEBRADA NEGRITO", "area": "TRUJILLO ALTO"}], "CAMUY": [], "PONCE": [], "JAYUYA": [], "CAYEY": [], "MANATI": [], "COAMO": [{"zone": "BO PEDRO GARCIA", "area": "COAMO"}], "UTUADO": [], "NAGUABO": [], "SAN JUAN": [{"zone": "CAMINO MARCELO RIO PIEDRAS", "area": "SAN JUAN"}, {"zone": "SANTURCE", "area": "SAN JUAN"}], "GUANICA": [], "CAGUAS": [], "CEIBA": [], "MOROVIS": [], "NARANJITO": [], "VEGA BAJA": [], "SAN LORENZO": [{"zone": "JAGUAL", "area": "SAN LORENZO"}], "FAJARDO": [], "MAYAGUEZ": [{"zone": "MIRADERO", "area": "MAYAGUEZ"}], "MAUNABO": [], "YAUCO": []}