{"LUQUILLO": [], "COROZAL": [], "CIALES": [], "LAS MARIAS": [], "PATILLAS": [], "DORADO": [{"zone": "HIGUILLAR", "area": "DORADO"}], "GUAYAMA": [], "HATILLO": [], "GUAYANILLA": [], "BARCELONETA": [], "AGUAS BUENAS": [], "HUMACAO": [{"zone": "MABU", "area": "HUMACAO"}], "VIEQUES": [], "FLORIDA": [], "LOIZA": [], "RIO GRANDE": [], "COMERIO": [], "VEGA ALTA": [], "AIBONITO": [], "RINCON": [], "ANASCO": [{"zone": "CMNO MUN PICHETO FLORES", "area": "ANASCO"}], "CIDRA": [], "MOCA": [], "YABUCOA": [], "JUANA DIAZ": [], "LARES": [], "OROCOVIS": [], "ARECIBO": [], "TOA ALTA": [], "LAJAS": [{"zone": "Sector Sabana Yeguas", "area": "LAJAS"}], "PE\u00d1UELAS": [], "ISABELLA": [], "SABANA GRANDE": [{"zone": "MACHUCHAL", "area": "SABANA GRANDE"}], "SANTA ISABEL": [], "SALINAS": [], "SAN SEBASTIAN": [], "HORMIGUEROS": [], "AGUADILLA": [{"zone": "URB PUB AGUSTIN STAHL", "area": "AGUADILLA"}], "CULEBRA": [], "QUEBRADILLAS": [{"zone": "Bo. Cocos", "area": "QUEBRADILLAS"}], "GUAYNABO": [], "JUNCOS": [], "CABO ROJO": [{"zone": "BOQUERON", "area": "CABO ROJO"}], "CATANO": [], "CAROLINA": [], "BARRANQUITAS": [], "ADJUNTAS": [], "SAN GERMAN": [], "TOA BAJA": [], "BAYAMON": [{"zone": "HATO TEJAS", "area": "BAYAMON"}, {"zone": "MINILLAS", "area": "BAYAMON"}, {"zone": "SANTA OLAYA", "area": "BAYAMON"}], "ARROYO": [], "CANOVANAS": [], "AGUADA": [], "VILLALBA": [], "GURABO": [{"zone": "URB BAJO COSTO/O REALLY", "area": "GURABO"}], "MARICAO": [], "LAS PIEDRAS": [], "TRUJILLO ALTO": [], "CAMUY": [{"zone": "CIBAO", "area": "CAMUY"}], "PONCE": [], "JAYUYA": [], "CAYEY": [], "MANATI": [], "COAMO": [], "UTUADO": [{"zone": "SALTO ABAJO", "area": "UTUADO"}], "NAGUABO": [], "SAN JUAN": [{"zone": "MONACILLO URBANO", "area": "SAN JUAN"}, {"zone": "URB CAPARRA TERRACE", "area": "SAN JUAN"}, {"zone": "URB PARK GARDENS", "area": "SAN JUAN"}], "GUANICA": [], "CAGUAS": [{"zone": "CAGUAS PR", "area": "CAGUAS"}, {"zone": "CENTRO IND CARTAGENA", "area": "CAGUAS"}, {"zone": "EPOCAS BOUTIQUE", "area": "CAGUAS"}], "CEIBA": [], "MOROVIS": [], "NARANJITO": [{"zone": "ACHIOTE", "area": "NARANJITO"}], "VEGA BAJA": [{"zone": "CEIBA", "area": "VEGA BAJA"}], "SAN LORENZO": [], "FAJARDO": [], "MAYAGUEZ": [], "MAUNABO": [], "YAUCO": []}