{"LUQUILLO": [{"zone": "MAMEYES I", "area": "LUQUILLO"}], "COROZAL": [], "CIALES": [], "LAS MARIAS": [], "PATILLAS": [{"zone": "MARIN", "area": "PATILLAS"}], "DORADO": [], "GUAYAMA": [], "HATILLO": [], "GUAYANILLA": [{"zone": "BO BARRERO LOS MALDONADO", "area": "GUAYANILLA"}], "BARCELONETA": [], "AGUAS BUENAS": [{"zone": "APTO D-14", "area": "AGUAS BUENAS"}], "HUMACAO": [{"zone": "ANTON RUIZ", "area": "HUMACAO"}, {"zone": "PLAYA", "area": "HUMACAO"}], "VIEQUES": [], "FLORIDA": [], "LOIZA": [], "RIO GRANDE": [], "COMERIO": [], "VEGA ALTA": [], "AIBONITO": [], "RINCON": [], "ANASCO": [], "CIDRA": [], "MOCA": [], "YABUCOA": [{"zone": "JACANAS", "area": "YABUCOA"}], "JUANA DIAZ": [{"zone": "Bo. Rio Canas Abajo", "area": "JUANA DIAZ"}], "LARES": [], "OROCOVIS": [{"zone": "BO OROCOVIS SECT CELERINA", "area": "OROCOVIS"}, {"zone": "INDUSTRIAS 26", "area": "OROCOVIS"}], "ARECIBO": [], "TOA ALTA": [], "LAJAS": [], "PE\u00d1UELAS": [], "ISABELLA": [], "SABANA GRANDE": [], "SANTA ISABEL": [], "SALINAS": [], "SAN SEBASTIAN": [], "HORMIGUEROS": [], "AGUADILLA": [], "CULEBRA": [], "QUEBRADILLAS": [], "GUAYNABO": [], "JUNCOS": [], "CABO ROJO": [], "CATANO": [], "CAROLINA": [{"zone": "SABANA ABAJO", "area": "CAROLINA"}], "BARRANQUITAS": [], "ADJUNTAS": [], "SAN GERMAN": [{"zone": "ROSARIO ALTO", "area": "SAN GERMAN"}], "TOA BAJA": [{"zone": "MEDIA LUNA", "area": "TOA BAJA"}], "BAYAMON": [{"zone": "MINILLAS", "area": "BAYAMON"}], "ARROYO": [{"zone": "PITAHAYA", "area": "ARROYO"}], "CANOVANAS": [{"zone": "VILLAS DE LOIZA", "area": "CANOVANAS"}], "AGUADA": [], "VILLALBA": [{"zone": "BO APEADERO", "area": "VILLALBA"}, {"zone": "Bda. Cooperativa", "area": "VILLALBA"}], "GURABO": [], "MARICAO": [], "LAS PIEDRAS": [], "TRUJILLO ALTO": [{"zone": "ST. JUST", "area": "TRUJILLO ALTO"}], "CAMUY": [], "PONCE": [], "JAYUYA": [], "CAYEY": [], "MANATI": [{"zone": "TIERRAS NUEVAS SALIE", "area": "MANATI"}], "COAMO": [], "UTUADO": [{"zone": "VIVI ABAJO", "area": "UTUADO"}], "NAGUABO": [], "SAN JUAN": [{"zone": "GOBERNADOR PI\u00d1ERO", "area": "SAN JUAN"}, {"zone": "ORIENTE", "area": "SAN JUAN"}, {"zone": "SABANA LLANA SUR", "area": "SAN JUAN"}, {"zone": "URB SANTA MARIA", "area": "SAN JUAN"}], "GUANICA": [], "CAGUAS": [{"zone": "Casco Urbano Caguas", "area": "CAGUAS"}], "CEIBA": [], "MOROVIS": [], "NARANJITO": [], "VEGA BAJA": [], "SAN LORENZO": [], "FAJARDO": [{"zone": "URB FAJARDO GDNS", "area": "FAJARDO"}], "MAYAGUEZ": [], "MAUNABO": [], "YAUCO": []}