{"LUQUILLO": [], "COROZAL": [], "CIALES": [], "LAS MARIAS": [], "PATILLAS": [], "DORADO": [{"zone": "DORADO DEL MAR", "area": "DORADO"}], "GUAYAMA": [{"zone": "GUAYAMA", "area": "GUAYAMA"}], "HATILLO": [{"zone": "BAYANEY", "area": "HATILLO"}], "GUAYANILLA": [], "BARCELONETA": [{"zone": "ESTACION BOMBAS PUNTA PALMAS 2", "area": "BARCELONETA"}], "AGUAS BUENAS": [], "HUMACAO": [], "VIEQUES": [], "FLORIDA": [], "LOIZA": [], "RIO GRANDE": [], "COMERIO": [], "VEGA ALTA": [], "AIBONITO": [], "RINCON": [{"zone": "Bo. Atalaya", "area": "RINCON"}], "ANASCO": [], "CIDRA": [], "MOCA": [], "YABUCOA": [{"zone": "PLAYA", "area": "YABUCOA"}], "JUANA DIAZ": [], "LARES": [], "OROCOVIS": [], "ARECIBO": [{"zone": "BO ISLOTE SEC-CARACOLES", "area": "ARECIBO"}, {"zone": "BO SABANA HOYOS SECT MANANTIAL", "area": "ARECIBO"}, {"zone": "RIO ARRIBA", "area": "ARECIBO"}], "TOA ALTA": [], "LAJAS": [], "PE\u00d1UELAS": [], "ISABELLA": [], "SABANA GRANDE": [], "SANTA ISABEL": [], "SALINAS": [], "SAN SEBASTIAN": [], "HORMIGUEROS": [], "AGUADILLA": [], "CULEBRA": [], "QUEBRADILLAS": [{"zone": "BO GUAJATACA  EL RIEGO", "area": "QUEBRADILLAS"}], "GUAYNABO": [{"zone": "Bo. Hato Nuevo", "area": "GUAYNABO"}, {"zone": "URB. TINTILLO GARDENS", "area": "GUAYNABO"}], "JUNCOS": [{"zone": "Bo. Valenciano", "area": "JUNCOS"}], "CABO ROJO": [{"zone": "PEDERNALES", "area": "CABO ROJO"}], "CATANO": [], "CAROLINA": [], "BARRANQUITAS": [{"zone": "Bo. Helechal", "area": "BARRANQUITAS"}], "ADJUNTAS": [], "SAN GERMAN": [{"zone": "Bo. Cain Bajo", "area": "SAN GERMAN"}, {"zone": "CAIN ALTO", "area": "SAN GERMAN"}, {"zone": "Zona Industrial", "area": "SAN GERMAN"}], "TOA BAJA": [], "BAYAMON": [], "ARROYO": [{"zone": "GUASIMAS", "area": "ARROYO"}], "CANOVANAS": [], "AGUADA": [], "VILLALBA": [], "GURABO": [], "MARICAO": [], "LAS PIEDRAS": [], "TRUJILLO ALTO": [], "CAMUY": [], "PONCE": [{"zone": "MAGUEYES", "area": "PONCE"}], "JAYUYA": [], "CAYEY": [], "MANATI": [], "COAMO": [{"zone": "HAYALES", "area": "COAMO"}], "UTUADO": [{"zone": "BO VIVI ABAJO", "area": "UTUADO"}, {"zone": "DON ALONSO", "area": "UTUADO"}], "NAGUABO": [], "SAN JUAN": [{"zone": "UNIVERSIDAD", "area": "SAN JUAN"}], "GUANICA": [], "CAGUAS": [{"zone": "COND VISTA REAL//CASETA BOMBA", "area": "CAGUAS"}], "CEIBA": [], "MOROVIS": [], "NARANJITO": [], "VEGA BAJA": [{"zone": "CAMP TORTUGUERO", "area": "VEGA BAJA"}], "SAN LORENZO": [], "FAJARDO": [], "MAYAGUEZ": [{"zone": "BO RIO CANAS", "area": "MAYAGUEZ"}], "MAUNABO": [], "YAUCO": []}