{"LUQUILLO": [], "COROZAL": [], "CIALES": [], "LAS MARIAS": [], "PATILLAS": [], "DORADO": [{"zone": "MAGUAYO", "area": "DORADO"}], "GUAYAMA": [{"zone": "BO GUAMANI SECT ENCHAUTEGUI", "area": "GUAYAMA"}], "HATILLO": [], "GUAYANILLA": [], "BARCELONETA": [], "AGUAS BUENAS": [], "HUMACAO": [{"zone": "RIO ABAJO", "area": "HUMACAO"}], "VIEQUES": [], "FLORIDA": [], "LOIZA": [], "RIO GRANDE": [{"zone": "JIMENEZ", "area": "RIO GRANDE"}, {"zone": "MAMEYES II", "area": "RIO GRANDE"}], "COMERIO": [], "VEGA ALTA": [], "AIBONITO": [], "RINCON": [], "ANASCO": [], "CIDRA": [], "MOCA": [{"zone": "PUEBLO / TACO MAKERS", "area": "MOCA"}, {"zone": "VOLADORAS", "area": "MOCA"}], "YABUCOA": [{"zone": "BO TEJAS            RUTA 29054", "area": "YABUCOA"}], "JUANA DIAZ": [], "LARES": [{"zone": "Sector Castaner", "area": "LARES"}], "OROCOVIS": [], "ARECIBO": [], "TOA ALTA": [], "LAJAS": [], "PE\u00d1UELAS": [], "ISABELLA": [], "SABANA GRANDE": [], "SANTA ISABEL": [], "SALINAS": [], "SAN SEBASTIAN": [], "HORMIGUEROS": [], "AGUADILLA": [], "CULEBRA": [], "QUEBRADILLAS": [], "GUAYNABO": [], "JUNCOS": [], "CABO ROJO": [], "CATANO": [], "CAROLINA": [], "BARRANQUITAS": [], "ADJUNTAS": [{"zone": "ADJUNTAS", "area": "ADJUNTAS"}], "SAN GERMAN": [], "TOA BAJA": [], "BAYAMON": [{"zone": "BO PAJAROS", "area": "BAYAMON"}, {"zone": "MINILLAS", "area": "BAYAMON"}], "ARROYO": [], "CANOVANAS": [], "AGUADA": [], "VILLALBA": [{"zone": "HATO PUERCO SIERRITA", "area": "VILLALBA"}], "GURABO": [], "MARICAO": [], "LAS PIEDRAS": [{"zone": "MONTONES", "area": "LAS PIEDRAS"}], "TRUJILLO ALTO": [{"zone": "Bda. Pueblo Seco", "area": "TRUJILLO ALTO"}], "CAMUY": [{"zone": "INT ABRA HONDA", "area": "CAMUY"}], "PONCE": [], "JAYUYA": [], "CAYEY": [], "MANATI": [], "COAMO": [], "UTUADO": [], "NAGUABO": [], "SAN JUAN": [{"zone": "CAIMITO", "area": "SAN JUAN"}, {"zone": "COND CHALETS D' LA RIVIERA", "area": "SAN JUAN"}, {"zone": "GOBERNADOR PI\u00d1ERO", "area": "SAN JUAN"}], "GUANICA": [], "CAGUAS": [{"zone": "CAGUAS", "area": "CAGUAS"}], "CEIBA": [], "MOROVIS": [], "NARANJITO": [{"zone": "CEDRO ABAJO", "area": "NARANJITO"}], "VEGA BAJA": [], "SAN LORENZO": [{"zone": "BO HATO   ENTRADA LOS ADORNO", "area": "SAN LORENZO"}], "FAJARDO": [], "MAYAGUEZ": [], "MAUNABO": [], "YAUCO": []}