{"LUQUILLO": [], "COROZAL": [], "CIALES": [], "LAS MARIAS": [], "PATILLAS": [], "DORADO": [{"zone": "BO HIGUILLAR/VILLA SANTA II", "area": "DORADO"}, {"zone": "MAGUAYO", "area": "DORADO"}], "GUAYAMA": [], "HATILLO": [], "GUAYANILLA": [], "BARCELONETA": [], "AGUAS BUENAS": [], "HUMACAO": [{"zone": "RIO ABAJO", "area": "HUMACAO"}], "VIEQUES": [], "FLORIDA": [{"zone": "FLORIDA ADENTRO", "area": "FLORIDA"}], "LOIZA": [], "RIO GRANDE": [{"zone": "CARA DE INDIO RIO GRANDE", "area": "RIO GRANDE"}], "COMERIO": [], "VEGA ALTA": [{"zone": "MAVILLA", "area": "VEGA ALTA"}], "AIBONITO": [], "RINCON": [], "ANASCO": [], "CIDRA": [], "MOCA": [], "YABUCOA": [], "JUANA DIAZ": [{"zone": "Bo. Rio Canas Abajo", "area": "JUANA DIAZ"}], "LARES": [{"zone": "Sector Castaner", "area": "LARES"}], "OROCOVIS": [], "ARECIBO": [{"zone": "MIRAFLORES", "area": "ARECIBO"}, {"zone": "PEQUENOS COMERCIANTES", "area": "ARECIBO"}], "TOA ALTA": [], "LAJAS": [], "PE\u00d1UELAS": [], "ISABELLA": [], "SABANA GRANDE": [], "SANTA ISABEL": [{"zone": "SANTA ISABEL", "area": "SANTA ISABEL"}], "SALINAS": [], "SAN SEBASTIAN": [], "HORMIGUEROS": [], "AGUADILLA": [], "CULEBRA": [], "QUEBRADILLAS": [], "GUAYNABO": [], "JUNCOS": [], "CABO ROJO": [], "CATANO": [], "CAROLINA": [], "BARRANQUITAS": [], "ADJUNTAS": [{"zone": "ADJUNTAS", "area": "ADJUNTAS"}], "SAN GERMAN": [], "TOA BAJA": [], "BAYAMON": [{"zone": "URB SANTA JUANITA", "area": "BAYAMON"}], "ARROYO": [], "CANOVANAS": [{"zone": "TORRECILLA ALTA", "area": "CANOVANAS"}, {"zone": "Zona Ind. San Isidro", "area": "CANOVANAS"}], "AGUADA": [], "VILLALBA": [], "GURABO": [{"zone": "GURABO", "area": "GURABO"}], "MARICAO": [], "LAS PIEDRAS": [], "TRUJILLO ALTO": [], "CAMUY": [], "PONCE": [], "JAYUYA": [], "CAYEY": [], "MANATI": [], "COAMO": [{"zone": "BO CUYON ARRIBA", "area": "COAMO"}], "UTUADO": [{"zone": "VIVI ABAJO", "area": "UTUADO"}], "NAGUABO": [{"zone": "DUQUE", "area": "NAGUABO"}], "SAN JUAN": [{"zone": "COND CHALETS D' LA RIVIERA", "area": "SAN JUAN"}, {"zone": "GOBERNADOR PI\u00d1ERO", "area": "SAN JUAN"}, {"zone": "SANTURCE", "area": "SAN JUAN"}], "GUANICA": [{"zone": "CARENERO", "area": "GUANICA"}], "CAGUAS": [{"zone": "CAGUAS", "area": "CAGUAS"}], "CEIBA": [], "MOROVIS": [], "NARANJITO": [], "VEGA BAJA": [{"zone": "Bo. Yeguada", "area": "VEGA BAJA"}], "SAN LORENZO": [], "FAJARDO": [], "MAYAGUEZ": [], "MAUNABO": [], "YAUCO": []}