{"LUQUILLO": [], "COROZAL": [], "CIALES": [], "LAS MARIAS": [], "PATILLAS": [{"zone": "BO MARIN ALTO", "area": "PATILLAS"}], "DORADO": [{"zone": "HIGUILLAR", "area": "DORADO"}], "GUAYAMA": [], "HATILLO": [{"zone": "CARRIZALES", "area": "HATILLO"}], "GUAYANILLA": [], "BARCELONETA": [], "AGUAS BUENAS": [], "HUMACAO": [{"zone": "MARIANA", "area": "HUMACAO"}], "VIEQUES": [], "FLORIDA": [], "LOIZA": [], "RIO GRANDE": [], "COMERIO": [], "VEGA ALTA": [], "AIBONITO": [], "RINCON": [], "ANASCO": [], "CIDRA": [{"zone": "SUD", "area": "CIDRA"}], "MOCA": [], "YABUCOA": [{"zone": "QUEBRADILLAS             29038", "area": "YABUCOA"}], "JUANA DIAZ": [], "LARES": [], "OROCOVIS": [], "ARECIBO": [], "TOA ALTA": [{"zone": "MUCARABONES", "area": "TOA ALTA"}], "LAJAS": [], "PE\u00d1UELAS": [], "ISABELLA": [], "SABANA GRANDE": [], "SANTA ISABEL": [], "SALINAS": [], "SAN SEBASTIAN": [{"zone": "SONADOR", "area": "SAN SEBASTIAN"}], "HORMIGUEROS": [{"zone": "HORMIGUEROS", "area": "HORMIGUEROS"}], "AGUADILLA": [], "CULEBRA": [], "QUEBRADILLAS": [], "GUAYNABO": [], "JUNCOS": [], "CABO ROJO": [], "CATANO": [], "CAROLINA": [{"zone": "BO CANOVANILLAS/FCA LOS RGUEZ.", "area": "CAROLINA"}], "BARRANQUITAS": [{"zone": "CA\u00d1ABON", "area": "BARRANQUITAS"}], "ADJUNTAS": [], "SAN GERMAN": [], "TOA BAJA": [], "BAYAMON": [], "ARROYO": [], "CANOVANAS": [], "AGUADA": [{"zone": "CERRO GORDO", "area": "AGUADA"}], "VILLALBA": [], "GURABO": [], "MARICAO": [], "LAS PIEDRAS": [], "TRUJILLO ALTO": [], "CAMUY": [], "PONCE": [], "JAYUYA": [], "CAYEY": [], "MANATI": [{"zone": "MANATI", "area": "MANATI"}], "COAMO": [], "UTUADO": [{"zone": "BO CAONILLAS--ABAJO", "area": "UTUADO"}], "NAGUABO": [], "SAN JUAN": [{"zone": "GOBERNADOR PI\u00d1ERO", "area": "SAN JUAN"}, {"zone": "SANTURCE", "area": "SAN JUAN"}], "GUANICA": [], "CAGUAS": [{"zone": "BO. CANABONCITO", "area": "CAGUAS"}, {"zone": "CAGUAS", "area": "CAGUAS"}, {"zone": "TURABO", "area": "CAGUAS"}, {"zone": "URB CAGUAS NORTE", "area": "CAGUAS"}], "CEIBA": [], "MOROVIS": [], "NARANJITO": [], "VEGA BAJA": [], "SAN LORENZO": [], "FAJARDO": [{"zone": "FAJARDO", "area": "FAJARDO"}], "MAYAGUEZ": [{"zone": "ALGARROBOS", "area": "MAYAGUEZ"}], "MAUNABO": [], "YAUCO": []}