{"LUQUILLO": [], "COROZAL": [], "CIALES": [], "LAS MARIAS": [], "PATILLAS": [], "DORADO": [], "GUAYAMA": [], "HATILLO": [], "GUAYANILLA": [], "BARCELONETA": [{"zone": "URB CATALUNA   PR", "area": "BARCELONETA"}], "AGUAS BUENAS": [], "HUMACAO": [{"zone": "PLAYA", "area": "HUMACAO"}], "VIEQUES": [], "FLORIDA": [], "LOIZA": [], "RIO GRANDE": [{"zone": "URB ALTURAS DE RIO GRANDE", "area": "RIO GRANDE"}], "COMERIO": [], "VEGA ALTA": [], "AIBONITO": [{"zone": "PASTO", "area": "AIBONITO"}], "RINCON": [], "ANASCO": [], "CIDRA": [], "MOCA": [], "YABUCOA": [], "JUANA DIAZ": [], "LARES": [], "OROCOVIS": [], "ARECIBO": [{"zone": "SABANA HOYOS", "area": "ARECIBO"}], "TOA ALTA": [], "LAJAS": [{"zone": "BO SANTA ROSA", "area": "LAJAS"}, {"zone": "PLATA", "area": "LAJAS"}], "PE\u00d1UELAS": [], "ISABELLA": [], "SABANA GRANDE": [], "SANTA ISABEL": [], "SALINAS": [], "SAN SEBASTIAN": [], "HORMIGUEROS": [], "AGUADILLA": [], "CULEBRA": [], "QUEBRADILLAS": [], "GUAYNABO": [{"zone": "FRAILES", "area": "GUAYNABO"}, {"zone": "HATO NUEVO", "area": "GUAYNABO"}], "JUNCOS": [], "CABO ROJO": [], "CATANO": [], "CAROLINA": [{"zone": "SABANA ABAJO", "area": "CAROLINA"}], "BARRANQUITAS": [], "ADJUNTAS": [{"zone": "LIMANI", "area": "ADJUNTAS"}], "SAN GERMAN": [{"zone": "CAIN ALTO", "area": "SAN GERMAN"}], "TOA BAJA": [], "BAYAMON": [{"zone": "JUAN SANCHEZ", "area": "BAYAMON"}], "ARROYO": [], "CANOVANAS": [{"zone": "CANOVANAS", "area": "CANOVANAS"}], "AGUADA": [], "VILLALBA": [], "GURABO": [], "MARICAO": [], "LAS PIEDRAS": [], "TRUJILLO ALTO": [], "CAMUY": [], "PONCE": [], "JAYUYA": [], "CAYEY": [], "MANATI": [{"zone": "TIERRAS NUEVAS SALIE", "area": "MANATI"}], "COAMO": [], "UTUADO": [], "NAGUABO": [], "SAN JUAN": [{"zone": "GOBERNADOR PI\u00d1ERO", "area": "SAN JUAN"}, {"zone": "MONACILLO URBANO", "area": "SAN JUAN"}, {"zone": "SANTURCE", "area": "SAN JUAN"}], "GUANICA": [], "CAGUAS": [{"zone": "CA\u00d1ABONCITO", "area": "CAGUAS"}], "CEIBA": [{"zone": "CHUPACALLOS", "area": "CEIBA"}], "MOROVIS": [], "NARANJITO": [], "VEGA BAJA": [{"zone": "BO ALMIRANTE NORTE LOS CHORROS", "area": "VEGA BAJA"}, {"zone": "Bo. Almirante Norte", "area": "VEGA BAJA"}], "SAN LORENZO": [{"zone": "BO QUEMADO / LOS ADORNOS", "area": "SAN LORENZO"}, {"zone": "QUEMADOS", "area": "SAN LORENZO"}], "FAJARDO": [], "MAYAGUEZ": [{"zone": "MIRADERO", "area": "MAYAGUEZ"}], "MAUNABO": [], "YAUCO": []}