{"LUQUILLO": [], "COROZAL": [], "CIALES": [], "LAS MARIAS": [], "PATILLAS": [], "DORADO": [], "GUAYAMA": [], "HATILLO": [], "GUAYANILLA": [], "BARCELONETA": [{"zone": "URB CATALUNA   PR", "area": "BARCELONETA"}], "AGUAS BUENAS": [{"zone": "SUMIDERO", "area": "AGUAS BUENAS"}], "HUMACAO": [{"zone": "PLAYA", "area": "HUMACAO"}], "VIEQUES": [], "FLORIDA": [], "LOIZA": [], "RIO GRANDE": [{"zone": "URB ALTURAS DE RIO GRANDE", "area": "RIO GRANDE"}, {"zone": "ZARZAL", "area": "RIO GRANDE"}], "COMERIO": [], "VEGA ALTA": [], "AIBONITO": [], "RINCON": [], "ANASCO": [], "CIDRA": [], "MOCA": [], "YABUCOA": [], "JUANA DIAZ": [], "LARES": [{"zone": "BO CASTANER", "area": "LARES"}], "OROCOVIS": [], "ARECIBO": [{"zone": "HATO ABAJO", "area": "ARECIBO"}], "TOA ALTA": [], "LAJAS": [{"zone": "BO SANTA ROSA", "area": "LAJAS"}, {"zone": "PLATA", "area": "LAJAS"}], "PE\u00d1UELAS": [], "ISABELLA": [], "SABANA GRANDE": [], "SANTA ISABEL": [], "SALINAS": [], "SAN SEBASTIAN": [], "HORMIGUEROS": [], "AGUADILLA": [{"zone": "AGUACATE", "area": "AGUADILLA"}], "CULEBRA": [], "QUEBRADILLAS": [], "GUAYNABO": [{"zone": "FRAILES", "area": "GUAYNABO"}], "JUNCOS": [{"zone": "BO.VALENCIANO ABAJO      R-047", "area": "JUNCOS"}], "CABO ROJO": [{"zone": "Bo. Puerto Real", "area": "CABO ROJO"}], "CATANO": [], "CAROLINA": [], "BARRANQUITAS": [], "ADJUNTAS": [], "SAN GERMAN": [], "TOA BAJA": [], "BAYAMON": [{"zone": "CERRO GORDO", "area": "BAYAMON"}], "ARROYO": [], "CANOVANAS": [], "AGUADA": [{"zone": "Bo. Guniquilla", "area": "AGUADA"}], "VILLALBA": [], "GURABO": [], "MARICAO": [{"zone": "MONTOSO", "area": "MARICAO"}], "LAS PIEDRAS": [{"zone": "TEJAS", "area": "LAS PIEDRAS"}], "TRUJILLO ALTO": [], "CAMUY": [], "PONCE": [], "JAYUYA": [], "CAYEY": [], "MANATI": [], "COAMO": [], "UTUADO": [], "NAGUABO": [], "SAN JUAN": [{"zone": "MONACILLO URBANO", "area": "SAN JUAN"}], "GUANICA": [], "CAGUAS": [{"zone": "CA\u00d1ABONCITO", "area": "CAGUAS"}], "CEIBA": [{"zone": "CHUPACALLOS", "area": "CEIBA"}], "MOROVIS": [], "NARANJITO": [], "VEGA BAJA": [{"zone": "PUGNADO AFUERA", "area": "VEGA BAJA"}], "SAN LORENZO": [{"zone": "QUEMADOS", "area": "SAN LORENZO"}], "FAJARDO": [], "MAYAGUEZ": [], "MAUNABO": [], "YAUCO": []}