{"LUQUILLO": [{"zone": "PITAHAYA", "area": "LUQUILLO"}], "COROZAL": [{"zone": "RES SYLVIA", "area": "COROZAL"}], "CIALES": [{"zone": "BO TORO NEGRO", "area": "CIALES"}], "LAS MARIAS": [], "PATILLAS": [], "DORADO": [{"zone": "HIGUILLAR", "area": "DORADO"}, {"zone": "RIO LAJAS", "area": "DORADO"}], "GUAYAMA": [], "HATILLO": [], "GUAYANILLA": [], "BARCELONETA": [], "AGUAS BUENAS": [{"zone": "SUMIDERO", "area": "AGUAS BUENAS"}], "HUMACAO": [{"zone": "BUENA VISTA", "area": "HUMACAO"}], "VIEQUES": [], "FLORIDA": [], "LOIZA": [], "RIO GRANDE": [], "COMERIO": [], "VEGA ALTA": [{"zone": "BO CANDELARIA SECT.FATIMA", "area": "VEGA ALTA"}], "AIBONITO": [], "RINCON": [], "ANASCO": [], "CIDRA": [], "MOCA": [], "YABUCOA": [{"zone": "TEJAS               29055", "area": "YABUCOA"}], "JUANA DIAZ": [], "LARES": [], "OROCOVIS": [], "ARECIBO": [{"zone": "BO AIBONITO - ARANA", "area": "ARECIBO"}, {"zone": "DOMINGUITO", "area": "ARECIBO"}], "TOA ALTA": [], "LAJAS": [], "PE\u00d1UELAS": [], "ISABELLA": [], "SABANA GRANDE": [], "SANTA ISABEL": [], "SALINAS": [], "SAN SEBASTIAN": [], "HORMIGUEROS": [], "AGUADILLA": [], "CULEBRA": [], "QUEBRADILLAS": [], "GUAYNABO": [], "JUNCOS": [], "CABO ROJO": [], "CATANO": [], "CAROLINA": [{"zone": "BO SAN ANTON / SECT LA ARANA", "area": "CAROLINA"}, {"zone": "HOYO MULAS", "area": "CAROLINA"}], "BARRANQUITAS": [], "ADJUNTAS": [], "SAN GERMAN": [], "TOA BAJA": [{"zone": "URB LA ALTAGRACIA", "area": "TOA BAJA"}], "BAYAMON": [], "ARROYO": [], "CANOVANAS": [], "AGUADA": [], "VILLALBA": [], "GURABO": [], "MARICAO": [], "LAS PIEDRAS": [], "TRUJILLO ALTO": [{"zone": "Bo. Matienzo", "area": "TRUJILLO ALTO"}], "CAMUY": [], "PONCE": [], "JAYUYA": [], "CAYEY": [], "MANATI": [], "COAMO": [], "UTUADO": [{"zone": "Bo. Roncador", "area": "UTUADO"}], "NAGUABO": [], "SAN JUAN": [{"zone": "CAIMITO", "area": "SAN JUAN"}, {"zone": "GOBERNADOR PI\u00d1ERO", "area": "SAN JUAN"}], "GUANICA": [], "CAGUAS": [{"zone": "CAGUAS", "area": "CAGUAS"}], "CEIBA": [], "MOROVIS": [], "NARANJITO": [{"zone": "ACHIOTE", "area": "NARANJITO"}], "VEGA BAJA": [{"zone": "Bo. Pugnado Adentro", "area": "VEGA BAJA"}], "SAN LORENZO": [], "FAJARDO": [], "MAYAGUEZ": [{"zone": "BO RIO CANAS", "area": "MAYAGUEZ"}], "MAUNABO": [], "YAUCO": []}