{"LUQUILLO": [], "COROZAL": [], "CIALES": [{"zone": "BO TORO NEGRO", "area": "CIALES"}], "LAS MARIAS": [], "PATILLAS": [], "DORADO": [{"zone": "HIGUILLAR", "area": "DORADO"}], "GUAYAMA": [], "HATILLO": [{"zone": "BARRIO PUEBLO", "area": "HATILLO"}], "GUAYANILLA": [], "BARCELONETA": [], "AGUAS BUENAS": [{"zone": "SONADORA", "area": "AGUAS BUENAS"}, {"zone": "SUMIDERO", "area": "AGUAS BUENAS"}], "HUMACAO": [], "VIEQUES": [], "FLORIDA": [], "LOIZA": [], "RIO GRANDE": [], "COMERIO": [], "VEGA ALTA": [{"zone": "BO CANDELARIA SECT.FATIMA", "area": "VEGA ALTA"}], "AIBONITO": [], "RINCON": [], "ANASCO": [], "CIDRA": [{"zone": "SUD", "area": "CIDRA"}], "MOCA": [], "YABUCOA": [{"zone": "JACANAS", "area": "YABUCOA"}, {"zone": "Sector El Negro", "area": "YABUCOA"}], "JUANA DIAZ": [], "LARES": [{"zone": "Bo. Pezuela", "area": "LARES"}], "OROCOVIS": [], "ARECIBO": [{"zone": "CARRIZALEZ SEC. SAN DANIEL", "area": "ARECIBO"}], "TOA ALTA": [], "LAJAS": [], "PE\u00d1UELAS": [], "ISABELLA": [], "SABANA GRANDE": [], "SANTA ISABEL": [], "SALINAS": [], "SAN SEBASTIAN": [], "HORMIGUEROS": [], "AGUADILLA": [], "CULEBRA": [], "QUEBRADILLAS": [], "GUAYNABO": [{"zone": "FRAILES", "area": "GUAYNABO"}, {"zone": "SANTA ROSA", "area": "GUAYNABO"}], "JUNCOS": [{"zone": "CEIBA NORTE", "area": "JUNCOS"}], "CABO ROJO": [], "CATANO": [], "CAROLINA": [], "BARRANQUITAS": [], "ADJUNTAS": [], "SAN GERMAN": [], "TOA BAJA": [], "BAYAMON": [], "ARROYO": [], "CANOVANAS": [], "AGUADA": [], "VILLALBA": [], "GURABO": [{"zone": "BO JAGUAS", "area": "GURABO"}], "MARICAO": [], "LAS PIEDRAS": [], "TRUJILLO ALTO": [{"zone": "Bo. Matienzo", "area": "TRUJILLO ALTO"}], "CAMUY": [], "PONCE": [], "JAYUYA": [], "CAYEY": [], "MANATI": [], "COAMO": [], "UTUADO": [], "NAGUABO": [], "SAN JUAN": [{"zone": "CAIMITO", "area": "SAN JUAN"}, {"zone": "SABANA LLANA NORTE", "area": "SAN JUAN"}, {"zone": "SANTURCE", "area": "SAN JUAN"}], "GUANICA": [], "CAGUAS": [{"zone": "CAGUAS", "area": "CAGUAS"}], "CEIBA": [], "MOROVIS": [], "NARANJITO": [], "VEGA BAJA": [{"zone": "Bo. Pugnado Adentro", "area": "VEGA BAJA"}], "SAN LORENZO": [{"zone": "Bo. Espino", "area": "SAN LORENZO"}], "FAJARDO": [], "MAYAGUEZ": [], "MAUNABO": [], "YAUCO": []}