{"LUQUILLO": [], "COROZAL": [], "CIALES": [], "LAS MARIAS": [], "PATILLAS": [], "DORADO": [], "GUAYAMA": [], "HATILLO": [], "GUAYANILLA": [], "BARCELONETA": [], "AGUAS BUENAS": [], "HUMACAO": [], "VIEQUES": [], "FLORIDA": [], "LOIZA": [], "RIO GRANDE": [], "COMERIO": [], "VEGA ALTA": [], "AIBONITO": [], "RINCON": [{"zone": "BO RIO GRANDE", "area": "RINCON"}], "ANASCO": [], "CIDRA": [], "MOCA": [], "YABUCOA": [], "JUANA DIAZ": [], "LARES": [], "OROCOVIS": [{"zone": "SABANA", "area": "OROCOVIS"}], "ARECIBO": [], "TOA ALTA": [], "LAJAS": [], "PE\u00d1UELAS": [], "ISABELLA": [], "SABANA GRANDE": [{"zone": "ESCUELA RAFAEL CORDERO", "area": "SABANA GRANDE"}, {"zone": "RINCON", "area": "SABANA GRANDE"}, {"zone": "Sector Machuchal", "area": "SABANA GRANDE"}], "SANTA ISABEL": [{"zone": "SANTA ISABEL", "area": "SANTA ISABEL"}], "SALINAS": [], "SAN SEBASTIAN": [], "HORMIGUEROS": [{"zone": "JAGUITAS", "area": "HORMIGUEROS"}], "AGUADILLA": [], "CULEBRA": [{"zone": "FRAILE", "area": "CULEBRA"}], "QUEBRADILLAS": [], "GUAYNABO": [{"zone": "PUEBLO VIEJO", "area": "GUAYNABO"}], "JUNCOS": [], "CABO ROJO": [], "CATANO": [], "CAROLINA": [{"zone": "Bo. Santa Cruz", "area": "CAROLINA"}], "BARRANQUITAS": [], "ADJUNTAS": [], "SAN GERMAN": [{"zone": "Bo. El Cotto", "area": "SAN GERMAN"}], "TOA BAJA": [], "BAYAMON": [{"zone": "URB ROYAL GARDENS", "area": "BAYAMON"}], "ARROYO": [], "CANOVANAS": [], "AGUADA": [{"zone": "MAL PASO/ENTRADA CESAR RUIZ", "area": "AGUADA"}], "VILLALBA": [], "GURABO": [], "MARICAO": [], "LAS PIEDRAS": [{"zone": "Bo. Pueblito Del Rio", "area": "LAS PIEDRAS"}], "TRUJILLO ALTO": [], "CAMUY": [], "PONCE": [], "JAYUYA": [], "CAYEY": [], "MANATI": [{"zone": "COTO SUR", "area": "MANATI"}], "COAMO": [], "UTUADO": [], "NAGUABO": [], "SAN JUAN": [{"zone": "GOBERNADOR PI\u00d1ERO", "area": "SAN JUAN"}, {"zone": "URB SANTA TERESITA", "area": "SAN JUAN"}, {"zone": "URB VILLA NEVAREZ", "area": "SAN JUAN"}], "GUANICA": [], "CAGUAS": [{"zone": "CA\u00d1ABONCITO", "area": "CAGUAS"}], "CEIBA": [], "MOROVIS": [], "NARANJITO": [], "VEGA BAJA": [], "SAN LORENZO": [], "FAJARDO": [], "MAYAGUEZ": [{"zone": "BO RIO CANAS", "area": "MAYAGUEZ"}], "MAUNABO": [], "YAUCO": [{"zone": "SIERRA ALTA-RODADERO-CERRO", "area": "YAUCO"}]}