{"LUQUILLO": [], "COROZAL": [{"zone": "BO PALOS BLANCOS COROZAL", "area": "COROZAL"}, {"zone": "Bo. Padilla", "area": "COROZAL"}, {"zone": "PADILLA", "area": "COROZAL"}], "CIALES": [], "LAS MARIAS": [], "PATILLAS": [], "DORADO": [{"zone": "BO MAMEYAL SECT LA POSITA", "area": "DORADO"}], "GUAYAMA": [], "HATILLO": [], "GUAYANILLA": [], "BARCELONETA": [], "AGUAS BUENAS": [], "HUMACAO": [{"zone": "CIUDADA CRISTIANA 26093", "area": "HUMACAO"}], "VIEQUES": [{"zone": "BO MTE SANTO", "area": "VIEQUES"}], "FLORIDA": [], "LOIZA": [], "RIO GRANDE": [], "COMERIO": [], "VEGA ALTA": [{"zone": "Bo. Maricao", "area": "VEGA ALTA"}], "AIBONITO": [], "RINCON": [], "ANASCO": [], "CIDRA": [{"zone": "ARENAS", "area": "CIDRA"}], "MOCA": [], "YABUCOA": [], "JUANA DIAZ": [], "LARES": [], "OROCOVIS": [], "ARECIBO": [{"zone": "Bo. Sabana Hoyos", "area": "ARECIBO"}], "TOA ALTA": [], "LAJAS": [], "PE\u00d1UELAS": [], "ISABELLA": [], "SABANA GRANDE": [], "SANTA ISABEL": [], "SALINAS": [{"zone": "HACIENDAS D JUAN COL FORTUNA", "area": "SALINAS"}], "SAN SEBASTIAN": [{"zone": "CIBAO", "area": "SAN SEBASTIAN"}], "HORMIGUEROS": [], "AGUADILLA": [{"zone": "Bo. Camaseyes", "area": "AGUADILLA"}], "CULEBRA": [], "QUEBRADILLAS": [], "GUAYNABO": [], "JUNCOS": [], "CABO ROJO": [], "CATANO": [], "CAROLINA": [], "BARRANQUITAS": [], "ADJUNTAS": [], "SAN GERMAN": [], "TOA BAJA": [{"zone": "CANDELARIA", "area": "TOA BAJA"}], "BAYAMON": [], "ARROYO": [], "CANOVANAS": [], "AGUADA": [], "VILLALBA": [], "GURABO": [], "MARICAO": [{"zone": "Bo. Indiera Alta", "area": "MARICAO"}], "LAS PIEDRAS": [{"zone": "Bo. Quebrada Grande", "area": "LAS PIEDRAS"}], "TRUJILLO ALTO": [], "CAMUY": [], "PONCE": [{"zone": "PORTUGUEZ URBANO", "area": "PONCE"}], "JAYUYA": [], "CAYEY": [], "MANATI": [{"zone": "TIERRAS NUEVAS PONIE", "area": "MANATI"}], "COAMO": [], "UTUADO": [], "NAGUABO": [], "SAN JUAN": [], "GUANICA": [], "CAGUAS": [{"zone": "SAN ANTONIO", "area": "CAGUAS"}, {"zone": "TOMAS DE CASTRO", "area": "CAGUAS"}], "CEIBA": [], "MOROVIS": [], "NARANJITO": [], "VEGA BAJA": [{"zone": "ALGARROBO", "area": "VEGA BAJA"}, {"zone": "Bo. Rio Abajo", "area": "VEGA BAJA"}], "SAN LORENZO": [], "FAJARDO": [], "MAYAGUEZ": [], "MAUNABO": [], "YAUCO": []}