{"LUQUILLO": [], "COROZAL": [{"zone": "Bo. Padilla", "area": "COROZAL"}], "CIALES": [], "LAS MARIAS": [], "PATILLAS": [], "DORADO": [], "GUAYAMA": [], "HATILLO": [], "GUAYANILLA": [], "BARCELONETA": [], "AGUAS BUENAS": [], "HUMACAO": [{"zone": "TEJAS", "area": "HUMACAO"}], "VIEQUES": [], "FLORIDA": [], "LOIZA": [{"zone": "CANOVANAS", "area": "LOIZA"}], "RIO GRANDE": [], "COMERIO": [], "VEGA ALTA": [], "AIBONITO": [], "RINCON": [], "ANASCO": [{"zone": "Bo. Cabodiaz", "area": "ANASCO"}], "CIDRA": [], "MOCA": [], "YABUCOA": [], "JUANA DIAZ": [], "LARES": [], "OROCOVIS": [{"zone": "BOTIJAS", "area": "OROCOVIS"}], "ARECIBO": [], "TOA ALTA": [], "LAJAS": [{"zone": "Bo. Candelaria", "area": "LAJAS"}, {"zone": "PALMAREJO", "area": "LAJAS"}], "PE\u00d1UELAS": [], "ISABELLA": [], "SABANA GRANDE": [], "SANTA ISABEL": [{"zone": "BO PASO SECO", "area": "SANTA ISABEL"}], "SALINAS": [], "SAN SEBASTIAN": [{"zone": "CALABAZAS", "area": "SAN SEBASTIAN"}], "HORMIGUEROS": [], "AGUADILLA": [], "CULEBRA": [], "QUEBRADILLAS": [], "GUAYNABO": [{"zone": "URB TORRIMAR", "area": "GUAYNABO"}], "JUNCOS": [{"zone": "Bo. Valenciano Abajo", "area": "JUNCOS"}], "CABO ROJO": [{"zone": "BO LLANOS TUNA", "area": "CABO ROJO"}], "CATANO": [], "CAROLINA": [{"zone": "MARTIN GONZALEZ", "area": "CAROLINA"}], "BARRANQUITAS": [{"zone": "PALO HINCADO", "area": "BARRANQUITAS"}], "ADJUNTAS": [], "SAN GERMAN": [], "TOA BAJA": [{"zone": "Bo. La Pangola", "area": "TOA BAJA"}, {"zone": "CANDELARIA", "area": "TOA BAJA"}], "BAYAMON": [], "ARROYO": [], "CANOVANAS": [{"zone": "CANOVANAS", "area": "CANOVANAS"}], "AGUADA": [], "VILLALBA": [], "GURABO": [], "MARICAO": [{"zone": "Bo. Indiera Alta", "area": "MARICAO"}], "LAS PIEDRAS": [], "TRUJILLO ALTO": [], "CAMUY": [], "PONCE": [{"zone": "PLAYA", "area": "PONCE"}], "JAYUYA": [], "CAYEY": [{"zone": "CAYEY", "area": "CAYEY"}], "MANATI": [], "COAMO": [{"zone": "SAN ILDEFONSO", "area": "COAMO"}], "UTUADO": [], "NAGUABO": [], "SAN JUAN": [{"zone": "LOCAL B", "area": "SAN JUAN"}, {"zone": "SABANA LLANA SUR", "area": "SAN JUAN"}], "GUANICA": [], "CAGUAS": [], "CEIBA": [], "MOROVIS": [], "NARANJITO": [], "VEGA BAJA": [{"zone": "ALGARROBO", "area": "VEGA BAJA"}], "SAN LORENZO": [], "FAJARDO": [], "MAYAGUEZ": [], "MAUNABO": [], "YAUCO": []}