{"LUQUILLO": [], "COROZAL": [{"zone": "ABRAS", "area": "COROZAL"}], "CIALES": [{"zone": "CIALITOS", "area": "CIALES"}], "LAS MARIAS": [], "PATILLAS": [{"zone": "CACAO BAJO", "area": "PATILLAS"}, {"zone": "MARIN", "area": "PATILLAS"}], "DORADO": [], "GUAYAMA": [{"zone": "CENTRO HEAD START MUNDO FELIZ", "area": "GUAYAMA"}, {"zone": "SEC BORINQUEN/COMUNIDADES ESPE", "area": "GUAYAMA"}], "HATILLO": [], "GUAYANILLA": [{"zone": "LLANO", "area": "GUAYANILLA"}], "BARCELONETA": [{"zone": "FLORIDA AFUERA", "area": "BARCELONETA"}], "AGUAS BUENAS": [{"zone": "BO JAGUEYES/PAJILLAS/R-234", "area": "AGUAS BUENAS"}], "HUMACAO": [{"zone": "PLAYA", "area": "HUMACAO"}], "VIEQUES": [], "FLORIDA": [], "LOIZA": [{"zone": "MEDIANIA ALTA", "area": "LOIZA"}], "RIO GRANDE": [{"zone": "CIENAGA ALTA", "area": "RIO GRANDE"}], "COMERIO": [], "VEGA ALTA": [], "AIBONITO": [], "RINCON": [], "ANASCO": [], "CIDRA": [], "MOCA": [], "YABUCOA": [], "JUANA DIAZ": [{"zone": "BO COLLORES - GUARAGUAO", "area": "JUANA DIAZ"}], "LARES": [], "OROCOVIS": [], "ARECIBO": [{"zone": "SABANA HOYOS", "area": "ARECIBO"}], "TOA ALTA": [], "LAJAS": [{"zone": "Bo. La Parguera", "area": "LAJAS"}, {"zone": "PALMAREJO", "area": "LAJAS"}], "PE\u00d1UELAS": [{"zone": "QUEBRADA CEIBA", "area": "PE\u00d1UELAS"}], "ISABELLA": [], "SABANA GRANDE": [], "SANTA ISABEL": [], "SALINAS": [{"zone": "PAR VAZQUEZ", "area": "SALINAS"}], "SAN SEBASTIAN": [], "HORMIGUEROS": [{"zone": "GUANAJIBO", "area": "HORMIGUEROS"}], "AGUADILLA": [{"zone": "CORRALES", "area": "AGUADILLA"}], "CULEBRA": [], "QUEBRADILLAS": [], "GUAYNABO": [], "JUNCOS": [], "CABO ROJO": [{"zone": "CARR 100 INT PEDERNALES", "area": "CABO ROJO"}, {"zone": "MIRADERO", "area": "CABO ROJO"}], "CATANO": [], "CAROLINA": [{"zone": "SABANA ABAJO", "area": "CAROLINA"}, {"zone": "URB COUNTRY CLUB", "area": "CAROLINA"}], "BARRANQUITAS": [], "ADJUNTAS": [{"zone": "BO TANAMA", "area": "ADJUNTAS"}, {"zone": "YAHUECAS", "area": "ADJUNTAS"}], "SAN GERMAN": [{"zone": "ANCONES", "area": "SAN GERMAN"}, {"zone": "BO ROSARIO SECT POBLADO", "area": "SAN GERMAN"}, {"zone": "Bo. El Cotto", "area": "SAN GERMAN"}, {"zone": "CAIN ALTO", "area": "SAN GERMAN"}, {"zone": "GUAMA", "area": "SAN GERMAN"}, {"zone": "ROSARIO PE\u00d1ON", "area": "SAN GERMAN"}], "TOA BAJA": [{"zone": "Bo. Sabana Seca", "area": "TOA BAJA"}, {"zone": "SABANA SECA", "area": "TOA BAJA"}], "BAYAMON": [{"zone": "GUARAGUAO ARRIBA", "area": "BAYAMON"}, {"zone": "MINILLAS", "area": "BAYAMON"}, {"zone": "PAJAROS", "area": "BAYAMON"}, {"zone": "URB LOS DOMINICOS", "area": "BAYAMON"}], "ARROYO": [{"zone": "PITAHAYA", "area": "ARROYO"}], "CANOVANAS": [{"zone": "Bo. Canovanillas", "area": "CANOVANAS"}], "AGUADA": [], "VILLALBA": [{"zone": "CAONILLAS ABAJO", "area": "VILLALBA"}], "GURABO": [], "MARICAO": [], "LAS PIEDRAS": [], "TRUJILLO ALTO": [{"zone": "CUEVAS", "area": "TRUJILLO ALTO"}], "CAMUY": [{"zone": "Bo. Membrillo", "area": "CAMUY"}, {"zone": "QUEBRADA", "area": "CAMUY"}], "PONCE": [], "JAYUYA": [], "CAYEY": [], "MANATI": [{"zone": "COTO NORTE", "area": "MANATI"}, {"zone": "Casco Urbano Manati", "area": "MANATI"}], "COAMO": [], "UTUADO": [], "NAGUABO": [], "SAN JUAN": [{"zone": "Bo. Hill Brothers", "area": "SAN JUAN"}, {"zone": "CAIMITO", "area": "SAN JUAN"}, {"zone": "COND SAN JERONIMO", "area": "SAN JUAN"}, {"zone": "CUPEY", "area": "SAN JUAN"}, {"zone": "MONACILLO URBANO", "area": "SAN JUAN"}, {"zone": "SABANA LLANA NORTE", "area": "SAN JUAN"}, {"zone": "SANTURCE", "area": "SAN JUAN"}, {"zone": "URB CAPARRA TERRACE", "area": "SAN JUAN"}, {"zone": "URB EL VIGIA", "area": "SAN JUAN"}, {"zone": "URB LAS LOMAS", "area": "SAN JUAN"}, {"zone": "URB PARK GARDENS", "area": "SAN JUAN"}, {"zone": "URB PUERTO NUEVO", "area": "SAN JUAN"}], "GUANICA": [], "CAGUAS": [{"zone": "CAGUAS", "area": "CAGUAS"}, {"zone": "TURABO", "area": "CAGUAS"}], "CEIBA": [{"zone": "SACO", "area": "CEIBA"}], "MOROVIS": [], "NARANJITO": [{"zone": "CEDRO ARRIBA", "area": "NARANJITO"}], "VEGA BAJA": [], "SAN LORENZO": [], "FAJARDO": [], "MAYAGUEZ": [{"zone": "BO JUAN ALONSO", "area": "MAYAGUEZ"}, {"zone": "BO RIO CANAS", "area": "MAYAGUEZ"}, {"zone": "CAMINO ELIAS RODRIGUEZ", "area": "MAYAGUEZ"}], "MAUNABO": [{"zone": "QUEBRADA ARENAS", "area": "MAUNABO"}], "YAUCO": [{"zone": "BO CARRIZALES RIO PRIETO", "area": "YAUCO"}, {"zone": "COLLORES", "area": "YAUCO"}, {"zone": "SUSUA BAJA", "area": "YAUCO"}]}