{"LUQUILLO": [], "COROZAL": [], "CIALES": [], "LAS MARIAS": [], "PATILLAS": [{"zone": "APEADERO", "area": "PATILLAS"}], "DORADO": [], "GUAYAMA": [{"zone": "BO OLIMPO/SECTOR CAIMITAL", "area": "GUAYAMA"}], "HATILLO": [], "GUAYANILLA": [{"zone": "SIERRA BAJA", "area": "GUAYANILLA"}], "BARCELONETA": [], "AGUAS BUENAS": [], "HUMACAO": [], "VIEQUES": [], "FLORIDA": [], "LOIZA": [], "RIO GRANDE": [], "COMERIO": [{"zone": "RIO HONDO", "area": "COMERIO"}], "VEGA ALTA": [], "AIBONITO": [], "RINCON": [], "ANASCO": [], "CIDRA": [], "MOCA": [], "YABUCOA": [], "JUANA DIAZ": [], "LARES": [{"zone": "BARTOLO", "area": "LARES"}], "OROCOVIS": [], "ARECIBO": [{"zone": "ISLOTE", "area": "ARECIBO"}], "TOA ALTA": [], "LAJAS": [], "PE\u00d1UELAS": [{"zone": "SANTO DOMINGO", "area": "PE\u00d1UELAS"}], "ISABELLA": [], "SABANA GRANDE": [{"zone": "RINCON", "area": "SABANA GRANDE"}], "SANTA ISABEL": [], "SALINAS": [{"zone": "Carr. PR 712", "area": "SALINAS"}, {"zone": "QUEBRADA YEGUAS", "area": "SALINAS"}], "SAN SEBASTIAN": [], "HORMIGUEROS": [], "AGUADILLA": [], "CULEBRA": [], "QUEBRADILLAS": [], "GUAYNABO": [], "JUNCOS": [], "CABO ROJO": [{"zone": "LLANOS COSTA", "area": "CABO ROJO"}], "CATANO": [{"zone": "WEST INDUSTRIAL PARK", "area": "CATANO"}], "CAROLINA": [], "BARRANQUITAS": [], "ADJUNTAS": [], "SAN GERMAN": [{"zone": "CAIN ALTO", "area": "SAN GERMAN"}, {"zone": "ROSARIO BAJO", "area": "SAN GERMAN"}], "TOA BAJA": [], "BAYAMON": [{"zone": "PAJAROS", "area": "BAYAMON"}], "ARROYO": [], "CANOVANAS": [], "AGUADA": [], "VILLALBA": [{"zone": "HATO PUERCO ARRIBA", "area": "VILLALBA"}], "GURABO": [], "MARICAO": [{"zone": "Bo. Indiera Baja", "area": "MARICAO"}], "LAS PIEDRAS": [], "TRUJILLO ALTO": [], "CAMUY": [], "PONCE": [{"zone": "GUARAGUAO", "area": "PONCE"}, {"zone": "MAGUEYES", "area": "PONCE"}], "JAYUYA": [], "CAYEY": [], "MANATI": [], "COAMO": [], "UTUADO": [], "NAGUABO": [], "SAN JUAN": [], "GUANICA": [], "CAGUAS": [{"zone": "TOMAS DE CASTRO", "area": "CAGUAS"}], "CEIBA": [], "MOROVIS": [], "NARANJITO": [], "VEGA BAJA": [], "SAN LORENZO": [{"zone": "CERRO GORDO", "area": "SAN LORENZO"}], "FAJARDO": [], "MAYAGUEZ": [{"zone": "MALEZAS", "area": "MAYAGUEZ"}, {"zone": "MIRADERO", "area": "MAYAGUEZ"}], "MAUNABO": [{"zone": "EMAJAGUA", "area": "MAUNABO"}], "YAUCO": [{"zone": "BO VEGAS / SECTOR LA PLANTA", "area": "YAUCO"}, {"zone": "NARANJO", "area": "YAUCO"}]}