{"LUQUILLO": [], "COROZAL": [], "CIALES": [], "LAS MARIAS": [], "PATILLAS": [], "DORADO": [], "GUAYAMA": [{"zone": "URB CIUDAD UNIVERSITARIA", "area": "GUAYAMA"}], "HATILLO": [{"zone": "CAMPO ALEGRE", "area": "HATILLO"}], "GUAYANILLA": [], "BARCELONETA": [{"zone": "FLORIDA AFUERA", "area": "BARCELONETA"}], "AGUAS BUENAS": [{"zone": "CAGUITAS", "area": "AGUAS BUENAS"}], "HUMACAO": [], "VIEQUES": [{"zone": "PUERTO DIABLO", "area": "VIEQUES"}], "FLORIDA": [{"zone": "FLORIDA ADENTRO", "area": "FLORIDA"}], "LOIZA": [{"zone": "MEDIANIA ALTA", "area": "LOIZA"}, {"zone": "MEDIANIA BAJA", "area": "LOIZA"}], "RIO GRANDE": [], "COMERIO": [{"zone": "DONA ELENA CUESTA LOS PERNILES", "area": "COMERIO"}], "VEGA ALTA": [{"zone": "CANDELARIA", "area": "VEGA ALTA"}], "AIBONITO": [], "RINCON": [], "ANASCO": [], "CIDRA": [], "MOCA": [], "YABUCOA": [], "JUANA DIAZ": [], "LARES": [{"zone": "BUENOS AIRES", "area": "LARES"}], "OROCOVIS": [], "ARECIBO": [], "TOA ALTA": [], "LAJAS": [], "PE\u00d1UELAS": [{"zone": "SANTO DOMINGO", "area": "PE\u00d1UELAS"}], "ISABELLA": [], "SABANA GRANDE": [], "SANTA ISABEL": [], "SALINAS": [], "SAN SEBASTIAN": [{"zone": "CIBAO", "area": "SAN SEBASTIAN"}], "HORMIGUEROS": [], "AGUADILLA": [], "CULEBRA": [], "QUEBRADILLAS": [], "GUAYNABO": [{"zone": "HATO NUEVO", "area": "GUAYNABO"}], "JUNCOS": [], "CABO ROJO": [], "CATANO": [], "CAROLINA": [{"zone": "SABANA ABAJO", "area": "CAROLINA"}], "BARRANQUITAS": [{"zone": "HONDURAS", "area": "BARRANQUITAS"}], "ADJUNTAS": [], "SAN GERMAN": [], "TOA BAJA": [], "BAYAMON": [{"zone": "GUARAGUAO ARRIBA", "area": "BAYAMON"}, {"zone": "PAJAROS", "area": "BAYAMON"}], "ARROYO": [], "CANOVANAS": [], "AGUADA": [], "VILLALBA": [{"zone": "HATO PUERCO ABAJO", "area": "VILLALBA"}], "GURABO": [], "MARICAO": [{"zone": "INDIERA BAJA", "area": "MARICAO"}], "LAS PIEDRAS": [], "TRUJILLO ALTO": [], "CAMUY": [], "PONCE": [], "JAYUYA": [], "CAYEY": [{"zone": "BO CERCADILLO", "area": "CAYEY"}], "MANATI": [], "COAMO": [], "UTUADO": [], "NAGUABO": [], "SAN JUAN": [{"zone": "GOBERNADOR PI\u00d1ERO", "area": "SAN JUAN"}], "GUANICA": [], "CAGUAS": [], "CEIBA": [], "MOROVIS": [], "NARANJITO": [], "VEGA BAJA": [{"zone": "ALGARROBO", "area": "VEGA BAJA"}], "SAN LORENZO": [], "FAJARDO": [], "MAYAGUEZ": [], "MAUNABO": [], "YAUCO": [{"zone": "BO VEGAS / SECTOR LA PLANTA", "area": "YAUCO"}]}