{"LUQUILLO": [], "COROZAL": [{"zone": "BO PALOS BLANCOS COROZAL", "area": "COROZAL"}], "CIALES": [], "LAS MARIAS": [], "PATILLAS": [], "DORADO": [{"zone": "HIGUILLAR", "area": "DORADO"}], "GUAYAMA": [], "HATILLO": [], "GUAYANILLA": [{"zone": "PLAYA", "area": "GUAYANILLA"}], "BARCELONETA": [], "AGUAS BUENAS": [], "HUMACAO": [], "VIEQUES": [], "FLORIDA": [], "LOIZA": [], "RIO GRANDE": [], "COMERIO": [], "VEGA ALTA": [], "AIBONITO": [], "RINCON": [], "ANASCO": [], "CIDRA": [], "MOCA": [], "YABUCOA": [{"zone": "CALABAZAS", "area": "YABUCOA"}], "JUANA DIAZ": [{"zone": "CAPITANEJO", "area": "JUANA DIAZ"}], "LARES": [], "OROCOVIS": [], "ARECIBO": [{"zone": "HATO ABAJO", "area": "ARECIBO"}], "TOA ALTA": [], "LAJAS": [{"zone": "Bo. Santa Rosa", "area": "LAJAS"}], "PE\u00d1UELAS": [], "ISABELLA": [], "SABANA GRANDE": [], "SANTA ISABEL": [], "SALINAS": [], "SAN SEBASTIAN": [], "HORMIGUEROS": [{"zone": "HORMIGUEROS", "area": "HORMIGUEROS"}], "AGUADILLA": [{"zone": "LADO CANCHA Y DETRAS ESCUELA", "area": "AGUADILLA"}], "CULEBRA": [], "QUEBRADILLAS": [], "GUAYNABO": [], "JUNCOS": [], "CABO ROJO": [], "CATANO": [], "CAROLINA": [], "BARRANQUITAS": [], "ADJUNTAS": [], "SAN GERMAN": [], "TOA BAJA": [], "BAYAMON": [{"zone": "CERRO GORDO", "area": "BAYAMON"}], "ARROYO": [], "CANOVANAS": [], "AGUADA": [{"zone": "BO GUANIQUILLA", "area": "AGUADA"}], "VILLALBA": [], "GURABO": [], "MARICAO": [], "LAS PIEDRAS": [{"zone": "SEC PIEDRA ANTIGUA", "area": "LAS PIEDRAS"}], "TRUJILLO ALTO": [{"zone": "QUEBRADA NEGRITO", "area": "TRUJILLO ALTO"}], "CAMUY": [], "PONCE": [], "JAYUYA": [], "CAYEY": [], "MANATI": [{"zone": "MANATI", "area": "MANATI"}], "COAMO": [{"zone": "CUYON", "area": "COAMO"}], "UTUADO": [], "NAGUABO": [], "SAN JUAN": [{"zone": "HATO REY SUR", "area": "SAN JUAN"}, {"zone": "URB VILLA GRANADA", "area": "SAN JUAN"}], "GUANICA": [], "CAGUAS": [], "CEIBA": [], "MOROVIS": [], "NARANJITO": [{"zone": "Bo. Cedro Arriba", "area": "NARANJITO"}], "VEGA BAJA": [], "SAN LORENZO": [{"zone": "QUEBRADA ARENAS", "area": "SAN LORENZO"}], "FAJARDO": [{"zone": "Bo. Juan Diego", "area": "FAJARDO"}], "MAYAGUEZ": [{"zone": "URB FLOR DEL VALLE", "area": "MAYAGUEZ"}], "MAUNABO": [], "YAUCO": []}