{"LUQUILLO": [], "COROZAL": [], "CIALES": [], "LAS MARIAS": [], "PATILLAS": [], "DORADO": [{"zone": "BO ARENALES ESTACION DE BOMBAS", "area": "DORADO"}, {"zone": "URB DORADO DEL MAR", "area": "DORADO"}], "GUAYAMA": [], "HATILLO": [{"zone": "BO CARRIZALES", "area": "HATILLO"}], "GUAYANILLA": [], "BARCELONETA": [], "AGUAS BUENAS": [], "HUMACAO": [], "VIEQUES": [], "FLORIDA": [], "LOIZA": [], "RIO GRANDE": [{"zone": "CIENAGA BAJA", "area": "RIO GRANDE"}], "COMERIO": [], "VEGA ALTA": [], "AIBONITO": [], "RINCON": [], "ANASCO": [{"zone": "CARACOL ARRIBA/PEPE PRATTT", "area": "ANASCO"}], "CIDRA": [{"zone": "BO VALLES DE CIDRA SOLAR #31", "area": "CIDRA"}], "MOCA": [], "YABUCOA": [], "JUANA DIAZ": [], "LARES": [], "OROCOVIS": [], "ARECIBO": [{"zone": "ARECIBO", "area": "ARECIBO"}], "TOA ALTA": [{"zone": "MUCARABONES", "area": "TOA ALTA"}], "LAJAS": [], "PE\u00d1UELAS": [], "ISABELLA": [], "SABANA GRANDE": [], "SANTA ISABEL": [], "SALINAS": [], "SAN SEBASTIAN": [], "HORMIGUEROS": [], "AGUADILLA": [], "CULEBRA": [], "QUEBRADILLAS": [], "GUAYNABO": [], "JUNCOS": [], "CABO ROJO": [{"zone": "BOQUERON", "area": "CABO ROJO"}], "CATANO": [], "CAROLINA": [], "BARRANQUITAS": [], "ADJUNTAS": [], "SAN GERMAN": [], "TOA BAJA": [], "BAYAMON": [], "ARROYO": [], "CANOVANAS": [], "AGUADA": [{"zone": "Bo. Atalaya", "area": "AGUADA"}], "VILLALBA": [], "GURABO": [{"zone": "AAA- CIUDAD JARDIN", "area": "GURABO"}], "MARICAO": [], "LAS PIEDRAS": [], "TRUJILLO ALTO": [], "CAMUY": [], "PONCE": [], "JAYUYA": [], "CAYEY": [], "MANATI": [{"zone": "RIO ARRIBA PONIENTE", "area": "MANATI"}], "COAMO": [], "UTUADO": [], "NAGUABO": [{"zone": "HUCARES", "area": "NAGUABO"}], "SAN JUAN": [{"zone": "GOBERNADOR PI\u00d1ERO", "area": "SAN JUAN"}, {"zone": "HATO REY CENTRAL", "area": "SAN JUAN"}], "GUANICA": [], "CAGUAS": [{"zone": "Bo. San Salvador", "area": "CAGUAS"}, {"zone": "CA\u00d1ABONCITO", "area": "CAGUAS"}], "CEIBA": [], "MOROVIS": [], "NARANJITO": [], "VEGA BAJA": [], "SAN LORENZO": [], "FAJARDO": [], "MAYAGUEZ": [{"zone": "BO RIO CANAS", "area": "MAYAGUEZ"}, {"zone": "QUEMADO", "area": "MAYAGUEZ"}, {"zone": "URB PUB COLUMBUS LANDING", "area": "MAYAGUEZ"}], "MAUNABO": [], "YAUCO": []}