{"LUQUILLO": [], "COROZAL": [], "CIALES": [], "LAS MARIAS": [], "PATILLAS": [], "DORADO": [], "GUAYAMA": [], "HATILLO": [{"zone": "BO CARRIZALES", "area": "HATILLO"}], "GUAYANILLA": [], "BARCELONETA": [], "AGUAS BUENAS": [], "HUMACAO": [], "VIEQUES": [], "FLORIDA": [], "LOIZA": [{"zone": "MEDIANIA ALTA", "area": "LOIZA"}], "RIO GRANDE": [], "COMERIO": [], "VEGA ALTA": [], "AIBONITO": [], "RINCON": [], "ANASCO": [{"zone": "CARACOL ARRIBA/PEPE PRATTT", "area": "ANASCO"}], "CIDRA": [{"zone": "ARENAS", "area": "CIDRA"}, {"zone": "BO VALLES DE CIDRA SOLAR #31", "area": "CIDRA"}, {"zone": "CEIBA", "area": "CIDRA"}], "MOCA": [{"zone": "VOLADORAS", "area": "MOCA"}], "YABUCOA": [{"zone": "GUAYABOTA", "area": "YABUCOA"}], "JUANA DIAZ": [], "LARES": [], "OROCOVIS": [], "ARECIBO": [{"zone": "BO AROZAL SECT ZENON RIVERA", "area": "ARECIBO"}], "TOA ALTA": [], "LAJAS": [], "PE\u00d1UELAS": [], "ISABELLA": [], "SABANA GRANDE": [], "SANTA ISABEL": [], "SALINAS": [], "SAN SEBASTIAN": [], "HORMIGUEROS": [], "AGUADILLA": [], "CULEBRA": [], "QUEBRADILLAS": [], "GUAYNABO": [], "JUNCOS": [{"zone": "Bo. Valenciano Abajo", "area": "JUNCOS"}], "CABO ROJO": [], "CATANO": [], "CAROLINA": [], "BARRANQUITAS": [], "ADJUNTAS": [{"zone": "TANAMA", "area": "ADJUNTAS"}], "SAN GERMAN": [], "TOA BAJA": [], "BAYAMON": [{"zone": "BUENA VISTA", "area": "BAYAMON"}, {"zone": "CERRO GORDO", "area": "BAYAMON"}, {"zone": "PAJAROS", "area": "BAYAMON"}], "ARROYO": [], "CANOVANAS": [], "AGUADA": [{"zone": "LAGUNAS", "area": "AGUADA"}], "VILLALBA": [], "GURABO": [], "MARICAO": [], "LAS PIEDRAS": [], "TRUJILLO ALTO": [{"zone": "CUEVAS", "area": "TRUJILLO ALTO"}], "CAMUY": [{"zone": "CIBAO", "area": "CAMUY"}], "PONCE": [], "JAYUYA": [{"zone": "BO RIO GRANDE", "area": "JAYUYA"}], "CAYEY": [], "MANATI": [{"zone": "RIO ARRIBA PONIENTE", "area": "MANATI"}], "COAMO": [], "UTUADO": [], "NAGUABO": [], "SAN JUAN": [{"zone": "HATO REY CENTRAL", "area": "SAN JUAN"}, {"zone": "MONACILLO URBANO", "area": "SAN JUAN"}], "GUANICA": [], "CAGUAS": [{"zone": "CA\u00d1ABONCITO", "area": "CAGUAS"}, {"zone": "SAN SALVADOR", "area": "CAGUAS"}, {"zone": "TURABO", "area": "CAGUAS"}], "CEIBA": [], "MOROVIS": [], "NARANJITO": [], "VEGA BAJA": [], "SAN LORENZO": [], "FAJARDO": [], "MAYAGUEZ": [], "MAUNABO": [], "YAUCO": []}