{"LUQUILLO": [], "COROZAL": [], "CIALES": [], "LAS MARIAS": [], "PATILLAS": [{"zone": "MARIN", "area": "PATILLAS"}], "DORADO": [], "GUAYAMA": [{"zone": "AAA- EB RANCHOS GUAYAMA 1", "area": "GUAYAMA"}], "HATILLO": [], "GUAYANILLA": [], "BARCELONETA": [], "AGUAS BUENAS": [], "HUMACAO": [], "VIEQUES": [], "FLORIDA": [], "LOIZA": [], "RIO GRANDE": [], "COMERIO": [], "VEGA ALTA": [], "AIBONITO": [], "RINCON": [], "ANASCO": [], "CIDRA": [], "MOCA": [], "YABUCOA": [], "JUANA DIAZ": [{"zone": "Casco Urbano Juana Dia", "area": "JUANA DIAZ"}, {"zone": "SABANA LLANA", "area": "JUANA DIAZ"}, {"zone": "URB LAS FLORES", "area": "JUANA DIAZ"}, {"zone": "Urb. Juana Diaz Housin", "area": "JUANA DIAZ"}], "LARES": [], "OROCOVIS": [], "ARECIBO": [{"zone": "Bo. Santana", "area": "ARECIBO"}], "TOA ALTA": [], "LAJAS": [{"zone": "BO LAJAS ARRIBA LAS CUEVAS", "area": "LAJAS"}, {"zone": "SANTA ROSA", "area": "LAJAS"}], "PE\u00d1UELAS": [{"zone": "SANTO DOMINGO", "area": "PE\u00d1UELAS"}], "ISABELLA": [], "SABANA GRANDE": [], "SANTA ISABEL": [{"zone": "BO PASO SECO", "area": "SANTA ISABEL"}], "SALINAS": [], "SAN SEBASTIAN": [], "HORMIGUEROS": [], "AGUADILLA": [], "CULEBRA": [], "QUEBRADILLAS": [], "GUAYNABO": [], "JUNCOS": [], "CABO ROJO": [], "CATANO": [], "CAROLINA": [], "BARRANQUITAS": [], "ADJUNTAS": [], "SAN GERMAN": [{"zone": "Bo. Cain Alto", "area": "SAN GERMAN"}, {"zone": "CAIN BAJO", "area": "SAN GERMAN"}, {"zone": "ROSARIO PE\u00d1ON", "area": "SAN GERMAN"}], "TOA BAJA": [], "BAYAMON": [{"zone": "Urb. Santa Juanita", "area": "BAYAMON"}], "ARROYO": [], "CANOVANAS": [], "AGUADA": [], "VILLALBA": [{"zone": "BO HIGUERO", "area": "VILLALBA"}, {"zone": "Bo. Caonillas Abajo", "area": "VILLALBA"}, {"zone": "Sector La Pulga", "area": "VILLALBA"}], "GURABO": [], "MARICAO": [], "LAS PIEDRAS": [], "TRUJILLO ALTO": [], "CAMUY": [], "PONCE": [{"zone": "MONTE LLANO", "area": "PONCE"}, {"zone": "QUEBRADA LIMON", "area": "PONCE"}], "JAYUYA": [], "CAYEY": [], "MANATI": [], "COAMO": [], "UTUADO": [], "NAGUABO": [], "SAN JUAN": [], "GUANICA": [], "CAGUAS": [], "CEIBA": [], "MOROVIS": [], "NARANJITO": [], "VEGA BAJA": [], "SAN LORENZO": [], "FAJARDO": [], "MAYAGUEZ": [{"zone": "QUEMADO", "area": "MAYAGUEZ"}, {"zone": "SABALOS", "area": "MAYAGUEZ"}], "MAUNABO": [], "YAUCO": []}