{"LUQUILLO": [], "COROZAL": [], "CIALES": [], "LAS MARIAS": [], "PATILLAS": [], "DORADO": [], "GUAYAMA": [], "HATILLO": [], "GUAYANILLA": [], "BARCELONETA": [{"zone": "FLORIDA AFUERA", "area": "BARCELONETA"}], "AGUAS BUENAS": [{"zone": "JUAN ASENCIO", "area": "AGUAS BUENAS"}], "HUMACAO": [{"zone": "BUENA VISTA ARRIBA       26040", "area": "HUMACAO"}], "VIEQUES": [], "FLORIDA": [], "LOIZA": [], "RIO GRANDE": [], "COMERIO": [], "VEGA ALTA": [], "AIBONITO": [], "RINCON": [], "ANASCO": [], "CIDRA": [], "MOCA": [], "YABUCOA": [], "JUANA DIAZ": [], "LARES": [], "OROCOVIS": [{"zone": "BO BAUTA ARRIBA", "area": "OROCOVIS"}], "ARECIBO": [{"zone": "URB LOS PINOS", "area": "ARECIBO"}], "TOA ALTA": [{"zone": "ORTIZ", "area": "TOA ALTA"}], "LAJAS": [{"zone": "MAYAGUEZ", "area": "LAJAS"}], "PE\u00d1UELAS": [{"zone": "RUCIO", "area": "PE\u00d1UELAS"}], "ISABELLA": [], "SABANA GRANDE": [], "SANTA ISABEL": [], "SALINAS": [], "SAN SEBASTIAN": [{"zone": "HATO ARRIBA/SECT CANA VERDE", "area": "SAN SEBASTIAN"}], "HORMIGUEROS": [{"zone": "LAVADERO", "area": "HORMIGUEROS"}], "AGUADILLA": [{"zone": "AGUACATE", "area": "AGUADILLA"}, {"zone": "CAIMITAL BAJO", "area": "AGUADILLA"}], "CULEBRA": [], "QUEBRADILLAS": [], "GUAYNABO": [], "JUNCOS": [{"zone": "CEIBA NORTE", "area": "JUNCOS"}], "CABO ROJO": [{"zone": "BOQUERON", "area": "CABO ROJO"}], "CATANO": [], "CAROLINA": [{"zone": "SABANA ABAJO", "area": "CAROLINA"}], "BARRANQUITAS": [], "ADJUNTAS": [], "SAN GERMAN": [], "TOA BAJA": [], "BAYAMON": [{"zone": "DAJAOS", "area": "BAYAMON"}, {"zone": "HATO TEJAS", "area": "BAYAMON"}, {"zone": "JUAN SANCHEZ", "area": "BAYAMON"}, {"zone": "URB LAS AMERICAS", "area": "BAYAMON"}], "ARROYO": [], "CANOVANAS": [], "AGUADA": [], "VILLALBA": [], "GURABO": [], "MARICAO": [], "LAS PIEDRAS": [], "TRUJILLO ALTO": [], "CAMUY": [], "PONCE": [], "JAYUYA": [], "CAYEY": [{"zone": "PEDRO AVILA", "area": "CAYEY"}], "MANATI": [], "COAMO": [], "UTUADO": [{"zone": "URBANO", "area": "UTUADO"}], "NAGUABO": [{"zone": "BO DUQUE TABLONES       RL 031", "area": "NAGUABO"}], "SAN JUAN": [{"zone": "CUPEY", "area": "SAN JUAN"}, {"zone": "HATO REY SUR", "area": "SAN JUAN"}, {"zone": "SABANA LLANA NORTE", "area": "SAN JUAN"}, {"zone": "URB SAN JOSE-VALENCIA", "area": "SAN JUAN"}], "GUANICA": [], "CAGUAS": [{"zone": "CAGUAS", "area": "CAGUAS"}], "CEIBA": [], "MOROVIS": [], "NARANJITO": [], "VEGA BAJA": [], "SAN LORENZO": [{"zone": "BO CAYAGUAX/AL LADO DE CIELO", "area": "SAN LORENZO"}], "FAJARDO": [], "MAYAGUEZ": [{"zone": "GUANAJIBO", "area": "MAYAGUEZ"}], "MAUNABO": [], "YAUCO": []}