{"LUQUILLO": [], "COROZAL": [{"zone": "ABRAS", "area": "COROZAL"}, {"zone": "BO PADILLA ERMITASECT RODRIG", "area": "COROZAL"}], "CIALES": [], "LAS MARIAS": [], "PATILLAS": [{"zone": "Comunidad Lamboglia", "area": "PATILLAS"}], "DORADO": [{"zone": "DORADO DEL MAR", "area": "DORADO"}], "GUAYAMA": [], "HATILLO": [], "GUAYANILLA": [], "BARCELONETA": [], "AGUAS BUENAS": [], "HUMACAO": [{"zone": "PLAYA", "area": "HUMACAO"}], "VIEQUES": [], "FLORIDA": [], "LOIZA": [], "RIO GRANDE": [], "COMERIO": [], "VEGA ALTA": [], "AIBONITO": [], "RINCON": [], "ANASCO": [{"zone": "BO PINALES LA CHOZA", "area": "ANASCO"}], "CIDRA": [], "MOCA": [], "YABUCOA": [], "JUANA DIAZ": [], "LARES": [], "OROCOVIS": [], "ARECIBO": [], "TOA ALTA": [], "LAJAS": [], "PE\u00d1UELAS": [{"zone": "COTO", "area": "PE\u00d1UELAS"}], "ISABELLA": [], "SABANA GRANDE": [], "SANTA ISABEL": [], "SALINAS": [], "SAN SEBASTIAN": [], "HORMIGUEROS": [{"zone": "BO BENAVENTO HORMIGUEROS", "area": "HORMIGUEROS"}], "AGUADILLA": [{"zone": "CORRALES ENTR ALMACEN COMEDORE", "area": "AGUADILLA"}], "CULEBRA": [], "QUEBRADILLAS": [], "GUAYNABO": [{"zone": "URB MUNOZ RIVERA", "area": "GUAYNABO"}], "JUNCOS": [{"zone": "MAMEY", "area": "JUNCOS"}], "CABO ROJO": [], "CATANO": [], "CAROLINA": [], "BARRANQUITAS": [{"zone": "BARRANCAS", "area": "BARRANQUITAS"}], "ADJUNTAS": [], "SAN GERMAN": [], "TOA BAJA": [{"zone": "SABANA SECA", "area": "TOA BAJA"}], "BAYAMON": [], "ARROYO": [], "CANOVANAS": [], "AGUADA": [{"zone": "ATALAYA", "area": "AGUADA"}, {"zone": "PIEDRAS BLANCAS", "area": "AGUADA"}], "VILLALBA": [], "GURABO": [], "MARICAO": [], "LAS PIEDRAS": [], "TRUJILLO ALTO": [], "CAMUY": [], "PONCE": [{"zone": "MACHUELO ABAJO", "area": "PONCE"}, {"zone": "MACHUELO ARRIBA", "area": "PONCE"}, {"zone": "PLAYA", "area": "PONCE"}], "JAYUYA": [], "CAYEY": [], "MANATI": [], "COAMO": [], "UTUADO": [{"zone": "Bo. Don Alonso Abajo", "area": "UTUADO"}], "NAGUABO": [], "SAN JUAN": [{"zone": "CUPEY", "area": "SAN JUAN"}, {"zone": "RIO PIEDRAS HEIGHTS", "area": "SAN JUAN"}, {"zone": "SABANA LLANA SUR", "area": "SAN JUAN"}], "GUANICA": [], "CAGUAS": [], "CEIBA": [], "MOROVIS": [], "NARANJITO": [], "VEGA BAJA": [], "SAN LORENZO": [], "FAJARDO": [], "MAYAGUEZ": [{"zone": "MAYAGUEZ", "area": "MAYAGUEZ"}, {"zone": "QUEBRADA GRANDE/BZN 26692", "area": "MAYAGUEZ"}], "MAUNABO": [], "YAUCO": []}