{"LUQUILLO": [], "COROZAL": [], "CIALES": [], "LAS MARIAS": [], "PATILLAS": [], "DORADO": [], "GUAYAMA": [], "HATILLO": [], "GUAYANILLA": [], "BARCELONETA": [{"zone": "FLORIDA AFUERA", "area": "BARCELONETA"}], "AGUAS BUENAS": [{"zone": "JUAN ASENCIO", "area": "AGUAS BUENAS"}], "HUMACAO": [{"zone": "BUENA VISTA ARRIBA       26040", "area": "HUMACAO"}, {"zone": "RIO ABAJO", "area": "HUMACAO"}], "VIEQUES": [], "FLORIDA": [], "LOIZA": [], "RIO GRANDE": [], "COMERIO": [{"zone": "DO\u00d1A ELENA", "area": "COMERIO"}], "VEGA ALTA": [], "AIBONITO": [], "RINCON": [], "ANASCO": [], "CIDRA": [], "MOCA": [], "YABUCOA": [], "JUANA DIAZ": [], "LARES": [], "OROCOVIS": [], "ARECIBO": [{"zone": "URB LOS PINOS", "area": "ARECIBO"}], "TOA ALTA": [], "LAJAS": [{"zone": "Bo. Salinas Fortuna", "area": "LAJAS"}], "PE\u00d1UELAS": [], "ISABELLA": [], "SABANA GRANDE": [{"zone": "SANTANA", "area": "SABANA GRANDE"}], "SANTA ISABEL": [], "SALINAS": [], "SAN SEBASTIAN": [{"zone": "Bo. Juncal", "area": "SAN SEBASTIAN"}, {"zone": "HATO ARRIBA/SECT CANA VERDE", "area": "SAN SEBASTIAN"}], "HORMIGUEROS": [{"zone": "PARC 114A PARC LAVADERO", "area": "HORMIGUEROS"}], "AGUADILLA": [{"zone": "CAIMITAL BAJO", "area": "AGUADILLA"}], "CULEBRA": [], "QUEBRADILLAS": [], "GUAYNABO": [], "JUNCOS": [{"zone": "CEIBA NORTE", "area": "JUNCOS"}], "CABO ROJO": [], "CATANO": [], "CAROLINA": [], "BARRANQUITAS": [], "ADJUNTAS": [], "SAN GERMAN": [], "TOA BAJA": [], "BAYAMON": [{"zone": "SANTA OLAYA", "area": "BAYAMON"}], "ARROYO": [], "CANOVANAS": [], "AGUADA": [{"zone": "Bo. Guayabo", "area": "AGUADA"}], "VILLALBA": [], "GURABO": [], "MARICAO": [], "LAS PIEDRAS": [], "TRUJILLO ALTO": [], "CAMUY": [], "PONCE": [], "JAYUYA": [], "CAYEY": [{"zone": "PEDRO AVILA", "area": "CAYEY"}], "MANATI": [], "COAMO": [], "UTUADO": [{"zone": "URBANO", "area": "UTUADO"}], "NAGUABO": [{"zone": "BO DUQUE TABLONES       RL 031", "area": "NAGUABO"}], "SAN JUAN": [{"zone": "HATO REY SUR", "area": "SAN JUAN"}, {"zone": "URB SAN JOSE-VALENCIA", "area": "SAN JUAN"}], "GUANICA": [], "CAGUAS": [{"zone": "CAGUAS", "area": "CAGUAS"}], "CEIBA": [], "MOROVIS": [], "NARANJITO": [], "VEGA BAJA": [], "SAN LORENZO": [{"zone": "BO CAYAGUAX/AL LADO DE CIELO", "area": "SAN LORENZO"}], "FAJARDO": [], "MAYAGUEZ": [], "MAUNABO": [], "YAUCO": []}