{"LUQUILLO": [], "COROZAL": [], "CIALES": [{"zone": "T  BO FRONTON", "area": "CIALES"}], "LAS MARIAS": [], "PATILLAS": [], "DORADO": [], "GUAYAMA": [], "HATILLO": [{"zone": "CARRIZALES", "area": "HATILLO"}], "GUAYANILLA": [], "BARCELONETA": [], "AGUAS BUENAS": [{"zone": "CAGUITAS", "area": "AGUAS BUENAS"}], "HUMACAO": [{"zone": "OFICINA DE BIENES RAICES", "area": "HUMACAO"}, {"zone": "PLAYA", "area": "HUMACAO"}], "VIEQUES": [], "FLORIDA": [], "LOIZA": [], "RIO GRANDE": [], "COMERIO": [], "VEGA ALTA": [], "AIBONITO": [], "RINCON": [], "ANASCO": [], "CIDRA": [], "MOCA": [], "YABUCOA": [], "JUANA DIAZ": [], "LARES": [], "OROCOVIS": [], "ARECIBO": [], "TOA ALTA": [], "LAJAS": [], "PE\u00d1UELAS": [], "ISABELLA": [], "SABANA GRANDE": [], "SANTA ISABEL": [], "SALINAS": [], "SAN SEBASTIAN": [{"zone": "GUATEMALA", "area": "SAN SEBASTIAN"}], "HORMIGUEROS": [], "AGUADILLA": [], "CULEBRA": [], "QUEBRADILLAS": [], "GUAYNABO": [{"zone": "PUEBLO VIEJO", "area": "GUAYNABO"}], "JUNCOS": [{"zone": "LIRIOS", "area": "JUNCOS"}, {"zone": "VALENCIANO ABAJO", "area": "JUNCOS"}], "CABO ROJO": [], "CATANO": [], "CAROLINA": [{"zone": "BARRAZAS", "area": "CAROLINA"}], "BARRANQUITAS": [], "ADJUNTAS": [{"zone": "LIMANI", "area": "ADJUNTAS"}], "SAN GERMAN": [{"zone": "CAIN ALTO", "area": "SAN GERMAN"}], "TOA BAJA": [], "BAYAMON": [{"zone": "Bo. Nuevo", "area": "BAYAMON"}, {"zone": "PAJAROS", "area": "BAYAMON"}], "ARROYO": [], "CANOVANAS": [{"zone": "Bo. Palma Sola", "area": "CANOVANAS"}], "AGUADA": [], "VILLALBA": [], "GURABO": [], "MARICAO": [], "LAS PIEDRAS": [], "TRUJILLO ALTO": [], "CAMUY": [], "PONCE": [], "JAYUYA": [{"zone": "BO MAMEYES", "area": "JAYUYA"}], "CAYEY": [], "MANATI": [], "COAMO": [], "UTUADO": [], "NAGUABO": [], "SAN JUAN": [{"zone": "GOBERNADOR PI\u00d1ERO", "area": "SAN JUAN"}, {"zone": "SANTURCE", "area": "SAN JUAN"}, {"zone": "VILLA DOS PINOS", "area": "SAN JUAN"}], "GUANICA": [], "CAGUAS": [], "CEIBA": [], "MOROVIS": [], "NARANJITO": [{"zone": "Bo. Nuevo", "area": "NARANJITO"}], "VEGA BAJA": [{"zone": "BDA SANDIN SECT TACORONTE", "area": "VEGA BAJA"}], "SAN LORENZO": [{"zone": "QUEMADOS", "area": "SAN LORENZO"}], "FAJARDO": [], "MAYAGUEZ": [{"zone": "SABANETAS", "area": "MAYAGUEZ"}], "MAUNABO": [], "YAUCO": []}