{"LUQUILLO": [], "COROZAL": [], "CIALES": [{"zone": "PESAS", "area": "CIALES"}], "LAS MARIAS": [{"zone": "BUENA VISTA", "area": "LAS MARIAS"}], "PATILLAS": [], "DORADO": [{"zone": "RIO LAJAS", "area": "DORADO"}], "GUAYAMA": [], "HATILLO": [{"zone": "BO PUEBLO COLISE0 MUNICIPAL", "area": "HATILLO"}], "GUAYANILLA": [], "BARCELONETA": [], "AGUAS BUENAS": [{"zone": "AGUAS BUENAS", "area": "AGUAS BUENAS"}], "HUMACAO": [], "VIEQUES": [], "FLORIDA": [], "LOIZA": [], "RIO GRANDE": [{"zone": "CIENAGA BAJA", "area": "RIO GRANDE"}], "COMERIO": [], "VEGA ALTA": [], "AIBONITO": [{"zone": "LLANOS", "area": "AIBONITO"}], "RINCON": [], "ANASCO": [], "CIDRA": [{"zone": "CEIBA", "area": "CIDRA"}], "MOCA": [], "YABUCOA": [], "JUANA DIAZ": [{"zone": "BO ARUZ  CALLEJON FINAL", "area": "JUANA DIAZ"}], "LARES": [], "OROCOVIS": [], "ARECIBO": [{"zone": "SEC EL VALLE RIO ARRIBA", "area": "ARECIBO"}], "TOA ALTA": [], "LAJAS": [{"zone": "PALMAREJO", "area": "LAJAS"}], "PE\u00d1UELAS": [], "ISABELLA": [], "SABANA GRANDE": [], "SANTA ISABEL": [], "SALINAS": [], "SAN SEBASTIAN": [{"zone": "AIBONITO GUERRERO", "area": "SAN SEBASTIAN"}], "HORMIGUEROS": [], "AGUADILLA": [{"zone": "CAMACEYES", "area": "AGUADILLA"}], "CULEBRA": [], "QUEBRADILLAS": [], "GUAYNABO": [], "JUNCOS": [], "CABO ROJO": [], "CATANO": [], "CAROLINA": [], "BARRANQUITAS": [], "ADJUNTAS": [], "SAN GERMAN": [], "TOA BAJA": [], "BAYAMON": [], "ARROYO": [], "CANOVANAS": [], "AGUADA": [{"zone": "JAGUEY", "area": "AGUADA"}], "VILLALBA": [], "GURABO": [{"zone": "CELADA", "area": "GURABO"}], "MARICAO": [{"zone": "BO INDIERA ALTA", "area": "MARICAO"}], "LAS PIEDRAS": [], "TRUJILLO ALTO": [{"zone": "CARRAIZO", "area": "TRUJILLO ALTO"}, {"zone": "CUEVAS", "area": "TRUJILLO ALTO"}], "CAMUY": [], "PONCE": [], "JAYUYA": [], "CAYEY": [], "MANATI": [], "COAMO": [], "UTUADO": [{"zone": "Bo. Chorreras", "area": "UTUADO"}, {"zone": "DON ALONSO", "area": "UTUADO"}], "NAGUABO": [], "SAN JUAN": [{"zone": "SABANA LLANA NORTE", "area": "SAN JUAN"}, {"zone": "Zona Industrial Bechara", "area": "SAN JUAN"}], "GUANICA": [], "CAGUAS": [{"zone": "CAGUAS", "area": "CAGUAS"}], "CEIBA": [], "MOROVIS": [], "NARANJITO": [], "VEGA BAJA": [{"zone": "ALGARROBO", "area": "VEGA BAJA"}], "SAN LORENZO": [], "FAJARDO": [{"zone": "FAJARDO", "area": "FAJARDO"}], "MAYAGUEZ": [], "MAUNABO": [], "YAUCO": [{"zone": "COLLORES", "area": "YAUCO"}]}