{"LUQUILLO": [], "COROZAL": [], "CIALES": [], "LAS MARIAS": [], "PATILLAS": [], "DORADO": [{"zone": "HIGUILLAR", "area": "DORADO"}], "GUAYAMA": [{"zone": "PALMAS", "area": "GUAYAMA"}], "HATILLO": [{"zone": "BO CORCOVADOS", "area": "HATILLO"}], "GUAYANILLA": [], "BARCELONETA": [], "AGUAS BUENAS": [], "HUMACAO": [], "VIEQUES": [], "FLORIDA": [], "LOIZA": [{"zone": "Bo. Las Carreras", "area": "LOIZA"}], "RIO GRANDE": [], "COMERIO": [{"zone": "BO PINAS VILLA BRAVA", "area": "COMERIO"}], "VEGA ALTA": [{"zone": "ESPINOSA", "area": "VEGA ALTA"}], "AIBONITO": [{"zone": "BO ASOMANTE SEC LAS ABEJAS", "area": "AIBONITO"}], "RINCON": [{"zone": "BO PUNTAS/ CERCA BONET CASH", "area": "RINCON"}], "ANASCO": [], "CIDRA": [], "MOCA": [], "YABUCOA": [], "JUANA DIAZ": [], "LARES": [{"zone": "PILETAS / CABAN EL COQUI", "area": "LARES"}], "OROCOVIS": [], "ARECIBO": [{"zone": "ARROZAL", "area": "ARECIBO"}], "TOA ALTA": [], "LAJAS": [{"zone": "SANTA ROSA", "area": "LAJAS"}], "PE\u00d1UELAS": [], "ISABELLA": [], "SABANA GRANDE": [], "SANTA ISABEL": [], "SALINAS": [], "SAN SEBASTIAN": [], "HORMIGUEROS": [], "AGUADILLA": [{"zone": "CAIMITAL BAJO", "area": "AGUADILLA"}], "CULEBRA": [], "QUEBRADILLAS": [], "GUAYNABO": [], "JUNCOS": [], "CABO ROJO": [], "CATANO": [], "CAROLINA": [{"zone": "CANOVANILLAS", "area": "CAROLINA"}], "BARRANQUITAS": [], "ADJUNTAS": [], "SAN GERMAN": [{"zone": "RETIRO", "area": "SAN GERMAN"}], "TOA BAJA": [], "BAYAMON": [], "ARROYO": [], "CANOVANAS": [], "AGUADA": [], "VILLALBA": [{"zone": "SECTOR ACEITUNA", "area": "VILLALBA"}, {"zone": "SECTOR ACEITUNAS", "area": "VILLALBA"}], "GURABO": [], "MARICAO": [], "LAS PIEDRAS": [], "TRUJILLO ALTO": [], "CAMUY": [], "PONCE": [], "JAYUYA": [], "CAYEY": [], "MANATI": [{"zone": "BO MONTEBELLO", "area": "MANATI"}], "COAMO": [], "UTUADO": [], "NAGUABO": [], "SAN JUAN": [{"zone": "CENTRO COMERCIAL ALTO APOLO", "area": "SAN JUAN"}, {"zone": "ORIENTE", "area": "SAN JUAN"}, {"zone": "SABANA LLANA NORTE", "area": "SAN JUAN"}], "GUANICA": [], "CAGUAS": [{"zone": "TOMAS DE CASTRO", "area": "CAGUAS"}], "CEIBA": [], "MOROVIS": [{"zone": "MONTE LLANO", "area": "MOROVIS"}], "NARANJITO": [{"zone": "ANONES", "area": "NARANJITO"}], "VEGA BAJA": [{"zone": "CABO CARIBE", "area": "VEGA BAJA"}], "SAN LORENZO": [], "FAJARDO": [], "MAYAGUEZ": [{"zone": "BALBOA N 92 INT", "area": "MAYAGUEZ"}, {"zone": "QUEBRADA GRANDE", "area": "MAYAGUEZ"}, {"zone": "QUEMADO", "area": "MAYAGUEZ"}], "MAUNABO": [], "YAUCO": []}